country,year,week,ili_incidence,flu_positive,flu_proxy_incidence,ili_cases
Canada,2005,1,0.02535,NA,NA,NA
Canada,2005,2,0.04161,NA,NA,NA
Canada,2005,3,0.02904,NA,NA,NA
Canada,2005,4,0.03057,NA,NA,NA
Canada,2005,5,0.037219999999999996,NA,NA,NA
Canada,2005,6,0.0456,NA,NA,NA
Canada,2005,7,0.039299999999999995,NA,NA,NA
Canada,2005,8,0.03875,NA,NA,NA
Canada,2005,9,0.04215,NA,NA,NA
Canada,2005,10,0.047810000000000005,NA,NA,NA
Canada,2005,11,0.024820000000000002,NA,NA,NA
Canada,2005,12,0.03383,NA,NA,NA
Canada,2005,13,0.0308,NA,NA,NA
Canada,2005,14,0.01725,NA,NA,NA
Canada,2005,15,0.01401,NA,NA,NA
Canada,2005,16,0.01713,NA,NA,NA
Canada,2005,17,0.01642,NA,NA,NA
Canada,2005,18,0.0166,NA,NA,NA
Canada,2005,19,0.01393,NA,NA,NA
Canada,2005,20,0.00968,NA,NA,NA
Canada,2005,21,0.012539999999999999,NA,NA,NA
Canada,2005,22,0.013349999999999999,NA,NA,NA
Canada,2005,23,0.0037200000000000002,NA,NA,NA
Canada,2005,24,0.00434,NA,NA,NA
Canada,2005,25,0.00966,NA,NA,NA
Canada,2005,26,0.00325,NA,NA,NA
Canada,2005,27,0.013529999999999999,NA,NA,NA
Canada,2005,28,0.00467,NA,NA,NA
Canada,2005,29,0.00165,NA,NA,NA
Canada,2005,30,8.100000000000001e-4,NA,NA,NA
Canada,2005,31,0.01746,NA,NA,NA
Canada,2005,32,0.01142,NA,NA,NA
Canada,2005,33,0.005019999999999999,NA,NA,NA
Canada,2005,35,0.00491,NA,NA,NA
Canada,2005,36,0.00658,NA,NA,NA
Canada,2005,37,0.02045,NA,NA,NA
Canada,2005,38,0.018609999999999998,NA,NA,NA
Canada,2005,39,0.01069,NA,NA,NA
Canada,2005,40,0.0123,NA,NA,NA
Canada,2005,41,0.01375,NA,NA,NA
Canada,2005,42,0.01589,NA,NA,NA
Canada,2005,43,0.01248,NA,NA,NA
Canada,2005,44,0.01914,NA,NA,NA
Canada,2005,45,0.015349999999999999,NA,NA,NA
Canada,2005,46,0.01259,NA,NA,NA
Canada,2005,47,0.01814,NA,NA,NA
Canada,2005,48,0.01858,NA,NA,NA
Canada,2005,49,0.013890000000000001,NA,NA,NA
Canada,2005,50,0.02271,NA,NA,NA
Canada,2005,51,0.016390000000000002,NA,NA,NA
Canada,2005,52,0.02579,NA,NA,NA
Canada,2006,1,0.01634,NA,NA,NA
Canada,2006,2,0.01993,NA,NA,NA
Canada,2006,3,0.016120000000000002,NA,NA,NA
Canada,2006,4,0.01688,NA,NA,NA
Canada,2006,5,0.01941,NA,NA,NA
Canada,2006,6,0.02072,NA,NA,NA
Canada,2006,7,0.02599,NA,NA,NA
Canada,2006,8,0.01878,NA,NA,NA
Canada,2006,9,0.049229999999999996,NA,NA,NA
Canada,2006,10,0.031039999999999998,NA,NA,NA
Canada,2006,11,0.03487,NA,NA,NA
Canada,2006,12,0.04138,NA,NA,NA
Canada,2006,13,0.02504,NA,NA,NA
Canada,2006,14,0.01925,NA,NA,NA
Canada,2006,15,0.02492,NA,NA,NA
Canada,2006,16,0.01755,NA,NA,NA
Canada,2006,17,0.01035,NA,NA,NA
Canada,2006,18,0.0092,NA,NA,NA
Canada,2006,19,0.00741,NA,NA,NA
Canada,2006,20,0.00517,NA,NA,NA
Canada,2006,21,0.01268,NA,NA,NA
Canada,2006,22,0.00698,NA,NA,NA
Canada,2006,23,0.00524,NA,NA,NA
Canada,2006,24,0.00521,NA,NA,NA
Canada,2006,25,0.0028599999999999997,NA,NA,NA
Canada,2006,26,0.00932,NA,NA,NA
Canada,2006,27,0.007940000000000001,NA,NA,NA
Canada,2006,28,0.00296,NA,NA,NA
Canada,2006,29,0.0046500000000000005,NA,NA,NA
Canada,2006,30,0.0015400000000000001,NA,NA,NA
Canada,2006,31,0.00731,NA,NA,NA
Canada,2006,32,0.01312,NA,NA,NA
Canada,2006,33,0.00525,NA,NA,NA
Canada,2006,34,0.0023799999999999997,NA,NA,NA
Canada,2006,35,0.00211,0,0,NA
Canada,2006,36,0.00578,0,0,NA
Canada,2006,37,0.00899,0.005148005148005148,4.628056628056628e-5,NA
Canada,2006,38,0.00684,9.84251968503937e-4,6.7322834645669285e-6,NA
Canada,2006,39,0.00898,0.001694915254237288,1.5220338983050848e-5,NA
Canada,2006,40,0.00625,0.0010384215991692627,6.490134994807892e-6,NA
Canada,2006,41,0.01185,0.0016891891891891893,2.0016891891891894e-5,NA
Canada,2006,42,0.011710000000000002,7.524454477050414e-4,8.811136192626035e-6,NA
Canada,2006,43,0.00696,0.0030911901081916537,2.151468315301391e-5,NA
Canada,2006,44,0.0060999999999999995,0.004840940525587829,2.9529737206085753e-5,NA
Canada,2006,45,0.013130000000000001,0.009345794392523364,1.2271028037383179e-4,NA
Canada,2006,46,0.02067,0.007899934167215274,1.632916392363397e-4,NA
Canada,2006,47,0.011460000000000001,0.017522658610271902,2.0080966767371602e-4,NA
Canada,2006,48,0.03031,0.01789366053169734,5.423568507157465e-4,NA
Canada,2006,49,0.02437,0.04039965247610773,9.845395308427454e-4,NA
Canada,2006,50,0.02604,0.06636624334289226,0.0017281769766489146,NA
Canada,2006,51,0.02444,0.06462848297213622,0.0015795201238390092,NA
Canada,2006,52,0.02933,0.04298212248003043,0.0012606656523392924,NA
Canada,2007,1,0.04087,0.04223521767381416,0.0017261533463287847,NA
Canada,2007,2,0.0313,0.06455696202531645,0.002020632911392405,NA
Canada,2007,3,0.02166,0.06678023850085178,0.0014464599659284496,NA
Canada,2007,4,0.023600000000000003,0.0827275874004846,0.0019523710626514366,NA
Canada,2007,5,0.02429,0.11127167630057803,0.00270278901734104,NA
Canada,2007,6,0.02624,0.12851165570830841,0.003372145845786013,NA
Canada,2007,7,0.03168,0.16707416462917685,0.005292909535452322,NA
Canada,2007,8,0.02072,0.1755976916735367,0.00363838417147568,NA
Canada,2007,9,0.04956,0.19985859061984446,0.009904991751119491,NA
Canada,2007,10,0.026199999999999998,0.21321865097329107,0.005586328655500225,NA
Canada,2007,11,0.02238,0.17599186164801628,0.003938697863682604,NA
Canada,2007,12,0.02132,0.1392988929889299,0.002969852398523985,NA
Canada,2007,13,0.01376,0.13687251715420728,0.001883365836041892,NA
Canada,2007,14,0.01285,0.10783200908059024,0.0013856413166855846,NA
Canada,2007,15,0.02034,0.08451327433628318,0.001719,NA
Canada,2007,16,0.00925,0.07232851143257116,6.690387307512832e-4,NA
Canada,2007,17,0.00821,0.05819070904645477,4.777457212713937e-4,NA
Canada,2007,18,0.02321,0.049533799533799536,0.0011496794871794873,NA
Canada,2007,19,0.00897,0.03480422622747048,3.1219390926041023e-4,NA
Canada,2007,20,0.0066,0.027004909983633387,1.7823240589198036e-4,NA
Canada,2007,21,0.0034300000000000003,0.020210896309314587,6.932337434094904e-5,NA
Canada,2007,22,0.01234,0.0034542314335060447,4.2625215889464596e-5,NA
Canada,2007,23,0.008199999999999999,0.010169491525423728,8.338983050847456e-5,NA
Canada,2007,24,0.00189,0.009324009324009324,1.7622377622377624e-5,NA
Canada,2007,25,0.00418,0.007361963190184049,3.077300613496932e-5,NA
Canada,2007,26,0.00667,0.0012004801920768306,8.00720288115246e-6,NA
Canada,2007,27,0.005030000000000001,0,0,NA
Canada,2007,28,0.00408,0.0014084507042253522,5.7464788732394374e-6,NA
Canada,2007,29,0.00437,0.004784688995215311,2.0909090909090906e-5,NA
Canada,2007,30,0.00561,0,0,NA
Canada,2007,31,9e-4,0,0,NA
Canada,2007,32,9.599999999999999e-4,0.004608294930875576,4.423963133640553e-6,NA
Canada,2007,33,0.00311,0,0,NA
Canada,2007,34,0.009300000000000001,0.0013568521031207597,1.2618724559023067e-5,NA
Canada,2007,35,0.0050999999999999995,0.002777777777777778,1.4166666666666666e-5,NA
Canada,2007,36,0.00646,0,0,NA
Canada,2007,37,0.0081,0,0,NA
Canada,2007,38,0.0079,0.0010787486515641855,8.522114347357066e-6,NA
Canada,2007,39,0.01421,9.42507068803016e-4,1.3393025447690857e-5,NA
Canada,2007,40,0.011619999999999998,0.0018433179723502304,2.1419354838709674e-5,NA
Canada,2007,41,0.011970000000000001,8.368200836820083e-4,1.001673640167364e-5,NA
Canada,2007,42,0.01182,0.007942811755361398,9.388403494837172e-5,NA
Canada,2007,43,0.00734,0.0015748031496062992,1.1559055118110236e-5,NA
Canada,2007,44,0.00784,0.0014892032762472078,1.1675353685778108e-5,NA
Canada,2007,45,0.01103,0.003355704697986577,3.701342281879195e-5,NA
Canada,2007,46,0.01053,0.0018552875695732839,1.9536178107606677e-5,NA
Canada,2007,47,0.00651,0.007214206437291898,4.696448390677026e-5,NA
Canada,2007,48,0.01475,0.005589714924538848,8.244829513694801e-5,NA
Canada,2007,49,0.01821,0.022482435597189696,4.094051522248244e-4,NA
Canada,2007,50,0.024050000000000002,0.029554477282752536,7.107851786501985e-4,NA
Canada,2007,51,0.01954,NA,NA,NA
Canada,2007,52,0.03087,NA,NA,NA
Canada,2008,1,0.03184,0.10541516245487365,0.003356418772563177,NA
Canada,2008,2,0.01502,0.06043458578542327,9.077274784970575e-4,NA
Canada,2008,3,0.02564,0.07892659826361484,0.0020236779794790844,NA
Canada,2008,4,0.02092,0.08990778688524591,0.0018808709016393445,NA
Canada,2008,5,0.02174,0.12285368802902055,0.002670839177750907,NA
Canada,2008,6,0.022170000000000002,0.10138150903294367,0.0022476280552603616,NA
Canada,2008,7,0.01837,0.12999352191751243,0.0023879809976247034,NA
Canada,2008,8,0.01481,0.16301546391752578,0.002414259020618557,NA
Canada,2008,9,0.02082,0.16676373519704912,0.003472020966802563,NA
Canada,2008,10,0.02865,0.17360426119550207,0.004973762083251134,NA
Canada,2008,11,0.02942,0.16009654062751408,0.004710040225261464,NA
Canada,2008,12,0.02113,0.18702770780856423,0.003951895465994962,NA
Canada,2008,13,0.02101,0.16162453377538333,0.003395731454620804,NA
Canada,2008,14,0.01794,0.17565642173824547,0.003151276205984124,NA
Canada,2008,15,0.027309999999999997,0.18126520681265207,0.004950352798053528,NA
Canada,2008,16,0.019350000000000003,0.1685957632670889,0.0032623280192181706,NA
Canada,2008,17,0.02658,0.13352340223330958,0.0035490520313613684,NA
Canada,2008,18,0.00994,0.10551305724083355,0.0010487997889738854,NA
Canada,2008,19,0.01112,0.08504854368932038,9.457398058252426e-4,NA
Canada,2008,20,0.02271,0.051825146462370436,0.0011769490761604326,NA
Canada,2008,21,0.01528,0.0254149377593361,3.883402489626556e-4,NA
Canada,2008,22,0.00349,0.029876977152899824,1.0427065026362039e-4,NA
Canada,2008,23,0.0061200000000000004,0.02045877247365158,1.2520768753874768e-4,NA
Canada,2008,24,0.00513,0.010676156583629894,5.4768683274021355e-5,NA
Canada,2008,25,0.00409,0.0074418604651162795,3.0437209302325583e-5,NA
Canada,2008,26,0.0049299999999999995,0.004246284501061571,2.0934182590233545e-5,NA
Canada,2008,27,0.00439,0.005208333333333333,2.286458333333333e-5,NA
Canada,2008,28,0.02041,0.002631578947368421,5.371052631578947e-5,NA
Canada,2008,29,9.8e-4,0.002621231979030144,2.568807339449541e-6,NA
Canada,2008,30,0.00792,0.0011933174224343676,9.451073985680192e-6,NA
Canada,2008,31,5.3e-4,0,0,NA
Canada,2008,32,0.0025,0.0018214936247723133,4.553734061930783e-6,NA
Canada,2008,33,5.3e-4,0.005738880918220947,3.041606886657102e-6,NA
Canada,2008,34,0.00281,0.0029585798816568047,8.31360946745562e-6,NA
Canada,2008,35,0.00132,0.0032520325203252032,4.292682926829269e-6,NA
Canada,2008,36,0.00735,0,0,NA
Canada,2008,37,0.01007,0.0012376237623762376,1.2462871287128714e-5,NA
Canada,2008,38,0.00332,0,0,NA
Canada,2008,39,0.00785,0.004228329809725159,3.3192389006342495e-5,NA
Canada,2008,40,0.01022,0.0018501387604070306,1.8908418131359854e-5,NA
Canada,2008,41,0.01391,0.0016792611251049538,2.3358522250209908e-5,NA
Canada,2008,42,0.01391,8.795074758135445e-4,1.2233948988566404e-5,NA
Canada,2008,43,0.00766,0.002380952380952381,1.823809523809524e-5,NA
Canada,2008,44,0.00736,0.0021770682148040637,1.6023222060957908e-5,NA
Canada,2008,45,0.009869999999999999,0.004629629629629629,4.5694444444444436e-5,NA
Canada,2008,46,0.012039999999999999,0.006854009595613434,8.252227553118574e-5,NA
Canada,2008,47,0.016890000000000002,0.011883541295306001,2.007130124777184e-4,NA
Canada,2008,48,0.01662,0.008933263268523384,1.4847083552285863e-4,NA
Canada,2008,49,0.01129,0.00944733112895607,1.0666036844591402e-4,NA
Canada,2008,50,0.016210000000000002,0.019166267369429803,3.106851940584572e-4,NA
Canada,2008,51,0.019739999999999997,0.013428451531682753,2.650776332354175e-4,NA
Canada,2008,52,0.01542,0.02713369511593488,4.1840157868771585e-4,NA
Canada,2008,53,0.02163,NA,NA,NA
Canada,2009,1,0.0156,0.03304215723509305,5.154576528674516e-4,NA
Canada,2009,2,0.01567,0.03569267997580157,5.593042952208106e-4,NA
Canada,2009,3,0.01654,0.05422647527910686,8.969059011164274e-4,NA
Canada,2009,4,0.030420000000000003,0.07413843035041992,0.002255291051259774,NA
Canada,2009,5,0.02146,0.09771610291991906,0.0020969875686614628,NA
Canada,2009,6,0.03388,0.11675231243576567,0.0039555683453237405,NA
Canada,2009,7,0.02259,0.14109848484848486,0.0031874147727272728,NA
Canada,2009,8,0.02466,0.17010027347310847,0.004194672743846855,NA
Canada,2009,9,0.048299999999999996,0.1704945515507125,0.008234886839899412,NA
Canada,2009,10,0.02137,0.1857774753317455,0.003970064647839401,NA
Canada,2009,11,0.02419,0.1619640894100403,0.003917911322828875,NA
Canada,2009,12,0.0215,0.1791359325605901,0.0038514225500526867,NA
Canada,2009,13,0.01957,0.14359550561797751,0.00281016404494382,NA
Canada,2009,14,0.02256,0.12162485065710872,0.0027438566308243726,NA
Canada,2009,15,0.022420000000000002,0.1051693404634581,0.0023578966131907308,NA
Canada,2009,16,0.0070599999999999994,0.08599005557180463,6.070897923369406e-4,NA
Canada,2009,17,0.01474,0.05425299890948746,7.996892039258452e-4,NA
Canada,2009,18,0.019760000000000003,0.04016109184472536,7.935831748517733e-4,NA
Canada,2009,19,0.015519999999999999,0.04762442162284167,7.391310235865026e-4,NA
Canada,2009,20,0.01315,0.04481416879109083,5.893063196028445e-4,NA
Canada,2009,21,0.023850000000000003,0.13246065139473273,0.003159186535764376,NA
Canada,2009,22,0.02836,0.08346011736579005,0.0023669289284938056,NA
Canada,2009,23,0.04101,0.25054945054945055,0.010275032967032966,NA
Canada,2009,24,0.04051,0.3007242680811996,0.012182340099969395,NA
Canada,2009,25,0.03426,0.2017314990512334,0.006911321157495255,NA
Canada,2009,26,0.02902,0.21157274098450568,0.006139840943370355,NA
Canada,2009,27,0.0189,0.173231031543052,0.003274066496163683,NA
Canada,2009,28,0.027460000000000002,0.13506331092699703,0.0037088385180553385,NA
Canada,2009,29,0.0197,NA,NA,NA
Canada,2009,30,0.01602,NA,NA,NA
Canada,2009,31,0.01399,NA,NA,NA
Canada,2009,32,0.014,NA,NA,NA
Canada,2009,33,0.01266,NA,NA,NA
Canada,2009,34,0.01288,NA,NA,NA
Canada,2009,35,0.015300000000000001,NA,NA,NA
Canada,2009,36,0.022449999999999998,0.034482758620689655,7.741379310344826e-4,NA
Canada,2009,37,0.03272,0.03141959440159954,0.0010280491288203368,NA
Canada,2009,38,0.03012,0.034446489613463055,0.0010375282671575073,NA
Canada,2009,39,0.036270000000000004,0.047229099219196345,0.0017129994286802517,NA
Canada,2009,40,0.040909999999999995,0.05261052210442088,0.002152296459291858,NA
Canada,2009,41,0.04815,0.10551447935921134,0.005080522181146026,NA
Canada,2009,42,0.06398,0.20653666575116728,0.013214215874759681,NA
Canada,2009,43,0.11226,0.2745947364966857,0.030826005119117938,NA
Canada,2009,44,0.09814,0.40334069020866775,0.03958385533707866,NA
Canada,2009,45,0.08866,0.41372170721377816,0.03668056656157357,NA
Canada,2009,46,0.05843,0.4054800699103569,0.023692200484862154,NA
Canada,2009,47,0.036840000000000005,0.34235368156073004,0.012612309628697296,NA
Canada,2009,48,0.02252,0.23880414887126297,0.005377869432580841,NA
Canada,2009,49,0.01721,0.12504070335395637,0.002151950504721589,NA
Canada,2009,50,0.01899,0.06705279572287814,0.0012733325907774559,NA
Canada,2009,51,0.028390000000000002,0.03459915611814346,9.82270042194093e-4,NA
Canada,2009,52,0.01932,0.019357495881383854,3.7398682042833603e-4,NA
Canada,2010,1,0.01667,0.013385569702905649,2.2313744694743716e-4,NA
Canada,2010,2,0.019399999999999997,0.005917159763313609,1.1479289940828401e-4,NA
Canada,2010,3,0.01176,0.0033181252592285357,3.902115304852758e-5,NA
Canada,2010,4,0.01587,0.006016330038676407,9.547915771379456e-5,NA
Canada,2010,5,0.013179999999999999,0.004761904761904762,6.276190476190476e-5,NA
Canada,2010,6,0.01002,0.0023446658851113715,2.349355216881594e-5,NA
Canada,2010,7,0.02088,0.0023828435266084196,4.97537728355838e-5,NA
Canada,2010,8,0.00968,0.002479631597591215,2.4002833864682963e-5,NA
Canada,2010,9,0.01781,0.0011578541103820917,2.0621381705905054e-5,NA
Canada,2010,10,0.0177,0.0029178824510212586,5.164651938307628e-5,NA
Canada,2010,11,0.00889,0.003877638948728996,3.447221025420077e-5,NA
Canada,2010,12,0.02045,0.0030554343081623746,6.248363160192056e-5,NA
Canada,2010,13,0.014240000000000001,0.00322061191626409,4.586151368760065e-5,NA
Canada,2010,14,0.00925,0.003129890453834116,2.895148669796557e-5,NA
Canada,2010,15,0.00907,0,0,NA
Canada,2010,16,0.011,0.0011142061281337048,1.2256267409470753e-5,NA
Canada,2010,17,0.00531,0.002635046113306983,1.399209486166008e-5,NA
Canada,2010,18,0.00906,0.0020964360587002098,1.8993710691823902e-5,NA
Canada,2010,19,0.01105,7.24112961622013e-4,8.001448225923244e-6,NA
Canada,2010,20,0.00558,0.003142183817753339,1.753338570306363e-5,NA
Canada,2010,21,0.0075,0.004488330341113106,3.366247755834829e-5,NA
Canada,2010,22,0.006860000000000001,0,0,NA
Canada,2010,23,0.0050999999999999995,0.0010214504596527069,5.209397344228805e-6,NA
Canada,2010,24,0.006849999999999999,8.718395815170009e-4,5.972101133391456e-6,NA
Canada,2010,25,0.00833,0,0,NA
Canada,2010,26,0.00457,0.007729468599033816,3.532367149758454e-5,NA
Canada,2010,27,0.0064800000000000005,0.0019175455417066154,1.2425695110258868e-5,NA
Canada,2010,28,0.00846,0.006696428571428571,5.665178571428572e-5,NA
Canada,2010,29,0.00657,0,0,NA
Canada,2010,30,0.00114,0.004037685060565276,4.602960969044414e-6,NA
Canada,2010,31,0.00454,0,0,NA
Canada,2010,32,0.009470000000000001,0.002728512960436562,2.5839017735334246e-5,NA
Canada,2010,33,0.0033599999999999997,0.0012674271229404308,4.258555133079847e-6,NA
Canada,2010,34,0.00677,0.008185538881309686,5.541609822646657e-5,NA
Canada,2010,35,0.006019999999999999,0.002145922746781116,1.2918454935622317e-5,NA
Canada,2010,36,0.00844,0.0011074197120708748,9.346622369878183e-6,NA
Canada,2010,37,0.0123,0.0028328611898017,3.484419263456091e-5,NA
Canada,2010,38,0.014,0.006259780907668232,8.763693270735525e-5,NA
Canada,2010,39,0.0136,0.007978723404255319,1.0851063829787232e-4,NA
Canada,2010,40,0.01368,0.00697084917617237,9.536121673003802e-5,NA
Canada,2010,41,0.014880000000000001,0.010651629072681704,1.5849624060150375e-4,NA
Canada,2010,42,0.01312,0.010378510378510378,1.3616605616605616e-4,NA
Canada,2010,43,0.021070000000000002,0.008760951188986232,1.8459324155193992e-4,NA
Canada,2010,44,0.009519999999999999,0.012311135982092894,1.1720201454952434e-4,NA
Canada,2010,45,0.014039999999999999,0.021527421834956432,3.022450025627883e-4,NA
Canada,2010,46,0.01463,0.025557620817843865,3.739079925650558e-4,NA
Canada,2010,47,0.02056,0.04552912223133716,9.36078753076292e-4,NA
Canada,2010,48,0.02034,0.08247800586510264,0.0016776026392961876,NA
Canada,2010,49,0.023350000000000003,0.10745176314038589,0.0025089986693280107,NA
Canada,2010,50,0.024390000000000002,0.15783602900167318,0.003849620747350809,NA
Canada,2010,51,0.030359999999999998,0.22355605889014724,0.00678716194790487,NA
Canada,2010,52,0.04779,0.24449615178092,0.011684471093610167,NA
Canada,2011,1,0.04213,0.26027984009137634,0.010965589663049686,NA
Canada,2011,2,0.02818,0.23094139040425235,0.0065079283815918315,NA
Canada,2011,3,0.03345,0.206253669994128,0.006899185261303582,NA
Canada,2011,4,0.02904,0.17660377358490567,0.00512857358490566,NA
Canada,2011,5,0.02984,0.19317000742390497,0.005764193021529324,NA
Canada,2011,6,0.02927,0.20411001236093942,0.005974300061804697,NA
Canada,2011,7,0.02566,0.18525064267352184,0.00475353149100257,NA
Canada,2011,8,0.03578,0.18162670123136745,0.006498603370058327,NA
Canada,2011,9,0.03535,0.15936739659367397,0.0056336374695863745,NA
Canada,2011,10,0.02614,0.1497240519850454,0.003913786718889087,NA
Canada,2011,11,0.02549,0.13061465721040189,0.003329367612293144,NA
Canada,2011,12,0.023329999999999997,0.11245674740484429,0.002623615916955017,NA
Canada,2011,13,0.023309999999999997,0.11698973774230331,0.00272703078677309,NA
Canada,2011,14,0.01452,0.1038568187547265,0.0015080010083186287,NA
Canada,2011,15,0.01749,0.10025773195876289,0.0017535077319587628,NA
Canada,2011,16,0.01677,0.07075008188666886,0.0011864788732394366,NA
Canada,2011,17,0.01122,0.0711905483186913,7.987579521357165e-4,NA
Canada,2011,18,0.01601,0.051953125,8.3176953125e-4,NA
Canada,2011,19,0.01267,0.04009216589861751,5.079677419354839e-4,NA
Canada,2011,20,0.009640000000000001,0.02863317125877904,2.7602377093462996e-4,NA
Canada,2011,21,0.00777,0.026490066225165563,2.0582781456953642e-4,NA
Canada,2011,22,0.00937,0.011004126547455296,1.0310866574965612e-4,NA
Canada,2011,23,0.011779999999999999,0.003401360544217687,4.0068027210884347e-5,NA
Canada,2011,24,0.0046,0.004032258064516129,1.8548387096774193e-5,NA
Canada,2011,25,0.0055,0.0019047619047619048,1.0476190476190475e-5,NA
Canada,2011,26,0.00809,0.003083247687564234,2.4943473792394655e-5,NA
Canada,2011,27,0.00847,0.004197271773347324,3.555089192025184e-5,NA
Canada,2011,28,0.010960000000000001,0.003232758620689655,3.543103448275862e-5,NA
Canada,2011,29,0.00531,0.0010834236186348862,5.752979414951245e-6,NA
Canada,2011,30,0.0079,0.003896103896103896,3.0779220779220783e-5,NA
Canada,2011,31,0.00366,0.0012195121951219512,4.463414634146342e-6,NA
Canada,2011,32,0.00743,0.003416856492027335,2.53872437357631e-5,NA
Canada,2011,33,0.00718,NA,NA,NA
Canada,2011,34,0.0085,0.002205071664829107,1.874310915104741e-5,NA
Canada,2011,35,0.00578,0.00410958904109589,2.3753424657534246e-5,NA
Canada,2011,36,0.0042699999999999995,0.005025125628140704,2.14572864321608e-5,NA
Canada,2011,37,0.00785,0.002827521206409048,2.2196041470311027e-5,NA
Canada,2011,38,0.014320000000000001,9.727626459143969e-4,1.3929961089494164e-5,NA
Canada,2011,39,0.0211,0.0021141649048625794,4.460887949260043e-5,NA
Canada,2011,40,0.019039999999999998,0.002976190476190476,5.666666666666666e-5,NA
Canada,2011,41,0.01095,0.0020964360587002098,2.2955974842767297e-5,NA
Canada,2011,42,0.01316,0.0036101083032490976,4.7509025270758124e-5,NA
Canada,2011,43,0.02384,0.0015906680805938495,3.792152704135737e-5,NA
Canada,2011,44,0.024050000000000002,0.0044742729306487695,1.0760626398210291e-4,NA
Canada,2011,45,0.01924,0.005400098183603338,1.0389788905252822e-4,NA
Canada,2011,46,0.01642,0.004706889174154899,7.728712023962345e-5,NA
Canada,2011,47,0.01247,0.009492168960607499,1.183673469387755e-4,NA
Canada,2011,48,0.02391,0.00700164744645799,1.6740939044481055e-4,NA
Canada,2011,49,0.01554,0.007282483710233806,1.1316979685703335e-4,NA
Canada,2011,50,0.024579999999999998,0.02193419740777667,5.391425722831505e-4,NA
Canada,2011,51,0.02157,0.023350253807106598,5.036649746192893e-4,NA
Canada,2011,52,0.03487,0.027849981433345713,9.711288525807649e-4,NA
Canada,2012,1,0.03438,0.029483364890451717,0.00101363808493373,NA
Canada,2012,2,0.024300000000000002,0.034411915767847974,8.362095531587059e-4,NA
Canada,2012,3,0.02613,0.032952776336274,8.610560456668396e-4,NA
Canada,2012,4,0.0211,0.04746494066882417,0.00100151024811219,NA
Canada,2012,5,0.03423,0.07219174126479931,0.00247112330349408,NA
Canada,2012,6,0.02835,0.08362573099415205,0.0023707894736842107,NA
Canada,2012,7,0.03522,0.11582472788166341,0.004079346915992185,NA
Canada,2012,8,0.03161,0.15079773546062789,0.004766716417910447,NA
Canada,2012,9,0.0317,0.20444537638918012,0.00648091843153701,NA
Canada,2012,10,0.03781,0.23047958779231073,0.00871443321442727,NA
Canada,2012,11,0.031,0.255041290570386,0.007906280007681966,NA
Canada,2012,12,0.03624,0.2623531605444714,0.009507678538131644,NA
Canada,2012,13,0.01993,0.23132581400297936,0.004610323473079378,NA
Canada,2012,14,0.02869,0.20079129574678536,0.005760702274975272,NA
Canada,2012,15,0.02511,0.2021422060164084,0.0050757907930720145,NA
Canada,2012,16,0.017920000000000002,0.188293897882939,0.003374226650062267,NA
Canada,2012,17,0.02576,0.1612996808819263,0.004155079779518422,NA
Canada,2012,18,0.01394,0.13511770396646244,0.0018835407932924863,NA
Canada,2012,19,0.00831,0.10179257362355953,8.458962868117797e-4,NA
Canada,2012,20,0.01185,0.09238095238095238,0.0010947142857142857,NA
Canada,2012,21,0.01092,0.06931818181818182,7.569545454545455e-4,NA
Canada,2012,22,0.0067,0.07310420076377523,4.897981451172941e-4,NA
Canada,2012,23,0.01865,0.031450577663671375,5.865532734274712e-4,NA
Canada,2012,24,0.00929,0.022649279341111873,2.1041180507892928e-4,NA
Canada,2012,25,0.005900000000000001,0.01978565539983512,1.1673536685902722e-4,NA
Canada,2012,26,0.01111,0.015055467511885896,1.672662440570523e-4,NA
Canada,2012,27,0.01443,0.006635071090047393,9.574407582938389e-5,NA
Canada,2012,28,0.004900000000000001,0.007561436672967864,3.7051039697542537e-05,NA
Canada,2012,29,0.009519999999999999,0.009830205540661306,9.358355674709561e-5,NA
Canada,2012,30,0.00996,0.003996003996003996,3.98001998001998e-5,NA
Canada,2012,31,0.0025499999999999997,0.005714285714285714,1.457142857142857e-5,NA
Canada,2012,32,0.00863,0.0030181086519114686,2.6046277665995978e-05,NA
Canada,2012,33,0.0036,0.0018399264029438822,6.623735050597976e-6,NA
Canada,2012,34,0.0077,0.0033632286995515697,2.5896860986547087e-5,NA
Canada,2012,35,0.0074800000000000005,0.007772020725388601,5.813471502590674e-5,NA
Canada,2012,36,0.00561,0.006266786034019696,3.51566696508505e-5,NA
Canada,2012,37,0.00791,0.0033140016570008283,2.621375310687655e-5,NA
Canada,2012,38,0.01542,0.004411764705882353,6.802941176470588e-5,NA
Canada,2012,39,0.01242,0.0026263952724885093,3.261982928430729e-5,NA
Canada,2012,40,0.014240000000000001,0.006313131313131313,8.98989898989899e-5,NA
Canada,2012,41,0.00925,NA,NA,NA
Canada,2012,42,0.01789,0.009708737864077669,1.736893203883495e-4,NA
Canada,2012,43,0.019719999999999998,0.01272264631043257,2.508905852417302e-4,NA
Canada,2012,44,0.01924,0.028751123090745734,5.531716082659479e-4,NA
Canada,2012,45,0.01825,0.05310573731626363,9.691797060218112e-4,NA
Canada,2012,46,0.02097,0.06217616580310881,0.0013038341968911915,NA
Canada,2012,47,0.02543,0.09726548978885427,0.0024734614053305644,NA
Canada,2012,48,0.04051,0.11797911374541349,0.0047793338978267,NA
Canada,2012,49,0.03041,0.1807097757457,0.005495384280426736,NA
Canada,2012,50,0.03744,0.244805926880335,0.009165533902399743,NA
Canada,2012,51,0.03033,0.1996542783059637,0.006055514261019878,NA
Canada,2012,52,0.06774,0.3125,0.02116875,NA
Canada,2013,1,0.0583,0.33533298556772734,0.019549913058598503,NA
Canada,2013,2,0.05335,0.3128693368351937,0.016691579120157583,NA
Canada,2013,3,0.04397,0.28029725609756095,0.012324670350609756,NA
Canada,2013,4,0.039439999999999996,0.2314922255743792,0.009130053376653515,NA
Canada,2013,5,0.05211,0.1857885128493189,0.009681439404578008,NA
Canada,2013,6,0.03422,0.20955631399317406,0.0071710170648464164,NA
Canada,2013,7,0.03671,0.162748643761302,0.005974502712477396,NA
Canada,2013,8,0.03211,0.1371698113207547,0.004404522641509433,NA
Canada,2013,9,0.02081,0.1651006711409396,0.0034357449664429527,NA
Canada,2013,10,0.0265,0.15066988798594333,0.003992752031627498,NA
Canada,2013,11,0.02176,0.13607833291488827,0.002961064524227969,NA
Canada,2013,12,0.011380000000000001,0.13032581453634084,0.001483107769423559,NA
Canada,2013,13,0.01932,0.1896265560165975,0.003663585062240664,NA
Canada,2013,14,0.02174,0.11732711732711733,0.0025506915306915305,NA
Canada,2013,15,0.0167,0.1318589025755879,0.002202043673012318,NA
Canada,2013,16,0.0159,0.1174296275234575,0.0018671310776229742,NA
Canada,2013,17,0.01453,0.03971547125074096,5.77065797273266e-4,NA
Canada,2013,18,0.016120000000000002,0.09864165588615782,0.0015901034928848643,NA
Canada,2013,19,0.01578,0.08560747663551402,0.001350885981308411,NA
Canada,2013,20,0.013890000000000001,0.06268161062681611,8.706475716064759e-4,NA
Canada,2013,21,0.01442,0.03945291951604419,5.689110994213573e-4,NA
Canada,2013,22,0.017070000000000002,0.03441295546558704,5.874291497975709e-4,NA
Canada,2013,23,0.02457,0.020138089758342925,4.947928653624856e-4,NA
Canada,2013,24,0.01438,0.012315270935960592,1.770935960591133e-4,NA
Canada,2013,25,0.01489,0.007905138339920948,1.1770750988142292e-4,NA
Canada,2013,26,0.01998,0.007168458781362007,1.432258064516129e-4,NA
Canada,2013,27,0.01509,0.006880733944954129,1.038302752293578e-4,NA
Canada,2013,28,0.01558,0.006232686980609419,9.710526315789474e-5,NA
Canada,2013,29,0.01453,0.007880220646178092,1.1449960598896768e-4,NA
Canada,2013,30,0.01002,0.001771479185119575,1.775022143489814e-5,NA
Canada,2013,31,0.0159,8.368200836820083e-4,1.3305439330543933e-5,NA
Canada,2013,32,0.009609999999999999,0.0038022813688212928,3.6539923954372617e-05,NA
Canada,2013,33,0.011699999999999999,0.005519779208831647,6.458141674333026e-5,NA
Canada,2013,34,0.01457,0.0038461538461538464,5.603846153846154e-5,NA
Canada,2013,35,0.01105,0.006108202443280977,6.74956369982548e-5,NA
Canada,2013,36,0.0134,0.003061224489795918,4.10204081632653e-5,NA
Canada,2013,37,0.01068,0.0032102728731942215,3.4285714285714284e-5,NA
Canada,2013,38,0.02059,0.002094972067039106,4.3135474860335196e-5,NA
Canada,2013,39,0.024640000000000002,0.0017513134851138354,4.3152364273204906e-5,NA
Canada,2013,40,0.02901,0.0032485110990795887,9.423930698429887e-5,NA
Canada,2013,41,0.02222,0.0036194415718717684,8.042399172699069e-5,NA
Canada,2013,42,0.02308,0.0016638935108153079,3.84026622296173e-5,NA
Canada,2013,43,0.01825,0.010390895596239486,1.896338446313706e-4,NA
Canada,2013,44,0.017079999999999998,0.011655948553054662,1.990836012861736e-4,NA
Canada,2013,45,0.019719999999999998,0.016355140186915886,3.2252336448598123e-4,NA
Canada,2013,46,0.016079999999999997,0.02498048399687744,4.0168618266978913e-4,NA
Canada,2013,47,0.02117,0.02249913464866736,4.7630668051228803e-4,NA
Canada,2013,48,0.02208,0.03656957928802589,8.074563106796117e-4,NA
Canada,2013,49,0.0192,0.06262986049272781,0.001202493321460374,NA
Canada,2013,50,0.05116,0.1018395094641429,0.00521010930418555,NA
Canada,2013,51,0.03284,0.16386651323360185,0.005381376294591485,NA
Canada,2013,52,0.036270000000000004,0.23647452291953572,0.00857693094629156,NA
Canada,2014,1,0.04875,0.2828642679016744,0.013789633060206627,NA
Canada,2014,2,0.05106,0.28159576125915536,0.014378279569892473,NA
Canada,2014,3,0.06502,0.2717419805961017,0.017668663578358532,NA
Canada,2014,4,0.03516,0.23497667611817433,0.008261779932315009,NA
Canada,2014,5,0.03244,0.2160894300828426,0.007009941111887413,NA
Canada,2014,6,0.02673,0.19403805961940382,0.0051866373336266645,NA
Canada,2014,7,0.04506,0.16837914204983304,0.007587164140765477,NA
Canada,2014,8,0.02025,0.14006193693693694,0.0028362542229729733,NA
Canada,2014,9,0.03312,0.12918073028536362,0.004278465787051242,NA
Canada,2014,10,0.03803,0.12333997343957503,0.004690619189907039,NA
Canada,2014,11,0.027350000000000003,0.13398230088495575,0.00366441592920354,NA
Canada,2014,12,0.037450000000000004,0.12211936182785109,0.004573370100453024,NA
Canada,2014,13,0.02281,0.1392,0.0031751519999999997,NA
Canada,2014,14,0.02974,0.11680703039179788,0.0034738410838520686,NA
Canada,2014,15,0.027899999999999998,0.15279503105590062,0.004262981366459626,NA
Canada,2014,16,0.027809999999999998,0.15551082033215904,0.004324755913437343,NA
Canada,2014,17,0.02417,0.13401109057301294,0.003239048059149723,NA
Canada,2014,18,0.02082,0.1128494485765581,0.0023495255193639398,NA
Canada,2014,19,0.02018,0.1082558775287042,0.0021846036085292507,NA
Canada,2014,20,0.01662,0.09393939393939393,0.0015612727272727271,NA
Canada,2014,21,0.01806,0.07762906309751434,0.001401980879541109,NA
Canada,2014,22,0.01319,0.056686626746506985,7.476966067864272e-4,NA
Canada,2014,23,0.01151,0.029469548133595286,3.3919449901768174e-4,NA
Canada,2014,24,0.008119999999999999,0.026973026973026972,2.1902097902097898e-4,NA
Canada,2014,25,0.01367,0.01957585644371941,2.6760195758564437e-4,NA
Canada,2014,26,0.00869,0.016787912702853944,1.4588696138780077e-4,NA
Canada,2014,27,0.00992,0.01338432122370937,1.3277246653919695e-4,NA
Canada,2014,28,0.011779999999999999,0.007865757734661772,9.265862611431566e-5,NA
Canada,2014,29,0.01041,0.012025316455696202,1.2518354430379747e-4,NA
Canada,2014,30,0.00868,0.005658852061438965,4.911883589329021e-5,NA
Canada,2014,31,0.00513,0.00549073438572409,2.8167467398764583e-5,NA
Canada,2014,32,0.00899,0.0032976092333058533,2.964550700741962e-5,NA
Canada,2014,33,0.0054,0.006384676775738229,3.447725458898644e-5,NA
Canada,2014,34,0.007940000000000001,0.0071146245059288534,5.64901185770751e-5,NA
Canada,2014,35,NA,0.0038138825324180014,NA,NA
Canada,2014,36,NA,0.0029542097488921715,NA,NA
Canada,2014,37,NA,0.008298755186721992,NA,NA
Canada,2014,38,NA,0.007729861676159479,NA,NA
Canada,2014,39,NA,0.008692744901370779,NA,NA
Canada,2014,40,NA,0.011163125675189053,NA,NA
Canada,2014,41,NA,0.013574660633484163,NA,NA
Canada,2014,42,NA,0.0199921599372795,NA,NA
Canada,2014,43,NA,0.01520572450805009,NA,NA
Canada,2014,44,NA,0.02004008016032064,NA,NA
Canada,2014,45,NA,0.03176130895091434,NA,NA
Canada,2014,46,NA,0.04534005037783375,NA,NA
Canada,2014,47,NA,0.08715728715728716,NA,NA
Canada,2014,48,NA,0.21993281075027996,NA,NA
Canada,2014,49,NA,0.2853919909757473,NA,NA
Canada,2014,50,NA,0.2659380692167577,NA,NA
Canada,2014,51,NA,0.28741929172373315,NA,NA
Canada,2014,52,NA,0.35251999256090755,NA,NA
Canada,2014,53,NA,NA,NA,NA
Canada,2015,1,0.05836,0.34399482033020395,0.020075537714470702,NA
Canada,2015,2,0.07865000000000001,0.26282449385169543,0.020671146441435848,NA
Canada,2015,3,0.04374,0.2952740729319251,0.012915287950042403,NA
Canada,2015,4,0.04618,0.2852975495915986,0.013175040840140022,NA
Canada,2015,5,0.054490000000000004,0.1850068150840527,0.010081021353930032,NA
Canada,2015,6,0.04425,0.21078541060639963,0.009327254419333183,NA
Canada,2015,7,0.032549999999999996,0.1986819624115206,0.006467097876494995,NA
Canada,2015,8,0.05158,0.18402176601533515,0.009491842691070987,NA
Canada,2015,9,0.05019,0.16797655521513255,0.008430743306247502,NA
Canada,2015,10,0.04932,0.16045681655960028,0.007913730192719487,NA
Canada,2015,11,0.02862,0.16565656565656567,0.004741090909090909,NA
Canada,2015,12,0.020390000000000002,0.17034805890227578,0.0034733969210174035,NA
Canada,2015,13,0.03116,0.17219198416625434,0.005365502226620485,NA
Canada,2015,14,0.04936,0.16514522821576763,0.00815156846473029,NA
Canada,2015,15,0.03173,0.14564242542405928,0.004621234158705401,NA
Canada,2015,16,0.0317,0.14065766964455426,0.0044588481277323695,NA
Canada,2015,17,0.01852,0.1259009009009009,0.0023316846846846845,NA
Canada,2015,18,0.01939,0.10173636585962338,0.0019726681340180973,NA
Canada,2015,19,0.02368,0.08614130434782609,0.0020398260869565216,NA
Canada,2015,20,0.01604,0.080289455547898,0.0012878428669882839,NA
Canada,2015,21,0.01967,0.055490880869227786,0.0010915056266977106,NA
Canada,2015,22,0.01086,0.037953795379537955,4.121782178217822e-4,NA
Canada,2015,23,0.01088,0.03250380904012189,3.5364144235652616e-4,NA
Canada,2015,24,0.01925,0.03146509341199607,6.057030481809243e-4,NA
Canada,2015,25,0.01402,0.024263431542461005,3.401733102253033e-4,NA
Canada,2015,26,0.00751,0.036872218690400506,2.7691036236490783e-4,NA
Canada,2015,27,0.02014,0.010296010296010296,2.0736164736164737e-4,NA
Canada,2015,28,0.00992,0.004332129963898917,4.297472924187726e-5,NA
Canada,2015,29,0.013730000000000001,0.009572901325478646,1.3143593519882182e-4,NA
Canada,2015,30,0.01042,0.007147962830593281,7.448177269478199e-5,NA
Canada,2015,31,0.00751,0.00962962962962963,7.231851851851852e-5,NA
Canada,2015,32,0.00514,0.011336032388663968,5.8267206477732796e-5,NA
Canada,2015,33,0.009210000000000001,0.004834810636583401,4.452860596293313e-5,NA
Canada,2015,34,0.0109,0.00906555090655509,9.881450488145048e-5,NA
Canada,2015,35,0.0158,0.0058823529411764705,9.294117647058824e-5,NA
Canada,2015,36,0.008400000000000001,0.006016042780748663,5.0534759358288774e-5,NA
Canada,2015,37,0.01324,0.012108262108262107,1.603133903133903e-4,NA
Canada,2015,38,0.01475,0.009003939223410242,1.3280810354530107e-4,NA
Canada,2015,39,0.01907,0.014609571788413099,2.786045340050378e-4,NA
Canada,2015,40,0.01709,0.025449758666081616,4.3493637560333486e-4,NA
Canada,2015,41,0.022269999999999998,0.021107128634010354,4.7005575467941053e-4,NA
Canada,2015,42,0.03141,0.014236244709503656,4.4716044632550986e-4,NA
Canada,2015,43,0.017839999999999998,0.008763060330299966,1.5633299629255138e-4,NA
Canada,2015,44,0.03387,0.010131712259371834,3.43161094224924e-4,NA
Canada,2015,45,0.02137,0.012353304508956145,2.639901173563928e-4,NA
Canada,2015,46,0.02112,0.021137705937208578,4.4642834939384514e-4,NA
Canada,2015,47,0.02298,0.026731470230862697,6.142891859052248e-4,NA
Canada,2015,48,0.01668,0.015380313199105145,2.565436241610738e-4,NA
Canada,2015,49,0.02097,0.008405715886803026,1.7626786214625944e-4,NA
Canada,2015,50,0.023170000000000003,0.01643621184450822,3.808270284372555e-4,NA
Canada,2015,51,0.03021,0.02392225267879392,7.226912534263643e-4,NA
Canada,2015,52,0.041530000000000004,0.03308400460299195,0.0013739787111622557,NA
Canada,2016,1,0.02844,0.05846211133867064,0.001662662446471793,NA
Canada,2016,2,0.01246,0.07055503292568203,8.791157102539982e-4,NA
Canada,2016,3,0.01601,0.12239089184060721,0.0019594781783681212,NA
Canada,2016,4,0.0359,0.15886259152051763,0.005703167035586583,NA
Canada,2016,5,0.07544,0.20566849680961566,0.015515631399317404,NA
Canada,2016,6,0.05092,0.24831811629024508,0.01264435848149928,NA
Canada,2016,7,0.04162,0.28706806887784586,0.011947773026695944,NA
Canada,2016,8,0.05166,0.3287391072381291,0.016982662279921748,NA
Canada,2016,9,0.0633,0.34278940483976456,0.021698569326357095,NA
Canada,2016,10,0.07562999999999999,0.3599319570092013,0.027221653908605887,NA
Canada,2016,11,0.05361,0.3141418908290074,0.016841146767343086,NA
Canada,2016,12,0.04357,0.3002588438308887,0.01308227782571182,NA
Canada,2016,13,0.04521,0.2825107618380218,0.012772311542696967,NA
Canada,2016,14,0.026809999999999997,0.23159682899207248,0.006209110985277462,NA
Canada,2016,15,0.05644,0.20734045466995343,0.011702295261572172,NA
Canada,2016,16,0.03613,0.1851672321861367,0.00669009209888512,NA
Canada,2016,17,0.03108,0.17298311444652908,0.005376315196998124,NA
Canada,2016,18,0.02534,0.13024966131217341,0.0033005264176504743,NA
Canada,2016,19,0.030010000000000002,0.11949006050129646,0.003585896715643907,NA
Canada,2016,20,0.03108,0.09128100230120174,0.00283701355152135,NA
Canada,2016,21,0.00252,0.06017369727047146,1.516377171215881e-4,NA
Canada,2016,22,0.03015,0.04184100418410042,0.0012615062761506275,NA
Canada,2016,23,0.03064,0.021894904458598725,6.70859872611465e-4,NA
Canada,2016,24,0.013359999999999999,0.010841283607979185,1.4483954900260188e-4,NA
Canada,2016,25,0.032659999999999995,0.012024048096192385,3.927054108216432e-4,NA
Canada,2016,26,0.014240000000000001,0.006937033084311633,9.878335112059765e-5,NA
Canada,2016,27,0.01853,0.006818181818181818,1.263409090909091e-4,NA
Canada,2016,28,0.023350000000000003,0.005405405405405406,1.2621621621621625e-4,NA
Canada,2016,29,0.01443,0.01015228426395939,1.46497461928934e-4,NA
Canada,2016,30,0.015710000000000002,0.0046204620462046205,7.25874587458746e-5,NA
Canada,2016,31,0.011210000000000001,0.005765534913516977,6.463164638052532e-5,NA
Canada,2016,32,0.0225,0.0051813471502590676,1.1658031088082901e-4,NA
Canada,2016,33,0.00908,0.007348784624081402,6.672696438665912e-5,NA
Canada,2016,34,0.0069299999999999995,0.0078078078078078076,5.41081081081081e-5,NA
Canada,2016,35,9.599999999999999e-4,0.0010741138560687433,1.0311493018259935e-6,NA
Canada,2016,36,9.5e-4,0.010429447852760737,9.9079754601227e-6,NA
Canada,2016,37,9.8e-4,0.010936757013789824,1.0718021873514027e-5,NA
Canada,2016,38,9.599999999999999e-4,0.017336485421591805,1.6643026004728132e-5,NA
Canada,2016,39,9.4e-4,0.022817819630568635,2.1448750452734516e-5,NA
Canada,2016,40,0.00103,0.018779342723004695,1.934272300469484e-5,NA
Canada,2016,41,0.0024100000000000002,0.014608695652173913,3.5206956521739136e-5,NA
Canada,2016,42,0.0010400000000000001,0.02053803876193231,2.1359560312409605e-5,NA
Canada,2016,43,0.001,0.027472527472527472,2.7472527472527473e-5,NA
Canada,2016,44,0.00138,0.035723464405037264,4.929838087895142e-5,NA
Canada,2016,45,0.00131,0.045465198031403795,5.955940942113897e-5,NA
Canada,2016,46,9.599999999999999e-4,0.04371348193031811,4.196494265310539e-5,NA
Canada,2016,47,0.00111,0.055579036348267115,6.16927303465765e-5,NA
Canada,2016,48,0.00106,0.0670632774472688,7.108707409410492e-5,NA
Canada,2016,49,0.00108,0.09710047201618341,1.0486850977747808e-4,NA
Canada,2016,50,0.0012900000000000001,0.11517181129877693,1.4857163657542227e-4,NA
Canada,2016,51,0.00173,0.16196395276569298,2.8019763828464886e-4,NA
Canada,2016,52,0.00282,0.24107869347901895,6.798419156108334e-4,NA
Canada,2017,1,0.00196,0.24103653355989804,4.7243160577740013e-4,NA
Canada,2017,2,0.00221,0.2708855164284662,5.986569913069103e-4,NA
Canada,2017,3,0.00191,0.23252354982647497,4.4411998016856717e-4,NA
Canada,2017,4,0.00202,0.22890824316002464,4.623946511832498e-4,NA
Canada,2017,5,0.00231,0.2423246643507652,5.597699746502676e-4,NA
Canada,2017,6,0.00312,0.24129329367744412,7.528350762736256e-4,NA
Canada,2017,7,0.00173,0.24904402392391412,4.308461613883714e-4,NA
Canada,2017,8,0.00218,0.24031397806178928,5.238844721747007e-4,NA
Canada,2017,9,0.00181,0.21736401673640168,3.9342887029288705e-4,NA
Canada,2017,10,0.00176,0.2044522554188635,3.598359695371998e-4,NA
Canada,2017,11,0.0016899999999999999,0.16190977245824018,2.7362751545442586e-4,NA
Canada,2017,12,0.00113,0.15029065645824471,1.6982844179781653e-4,NA
Canada,2017,13,0.00117,0.14496472097498397,1.6960872354073126e-4,NA
Canada,2017,14,0.00131,0.12664821748331434,1.659091649031418e-4,NA
Canada,2017,15,8.8e-4,0.11946386946386946,1.0512820512820513e-4,NA
Canada,2017,16,9.8e-4,0.1164,1.14072e-4,NA
Canada,2017,17,8.6e-4,0.0975660495111296,8.390680257957145e-5,NA
Canada,2017,18,8.2e-4,0.0958904109589041,7.863013698630137e-5,NA
Canada,2017,19,9.699999999999999e-4,0.0835260858391159,8.102030326394242e-5,NA
Canada,2017,20,8.7e-4,0.06950904392764858,6.047286821705426e-5,NA
Canada,2017,35,NA,0.018722466960352423,NA,NA
Canada,2017,36,NA,0.022847100175746926,NA,NA
Canada,2017,37,NA,0.017781937295273748,NA,NA
Canada,2017,38,NA,0.02352455633512175,NA,NA
Canada,2017,39,NA,0.029487652045705862,NA,NA
Canada,2017,40,NA,0.023293963254593177,NA,NA
Canada,2017,41,NA,0.030194805194805194,NA,NA
Canada,2017,42,NA,0.03402757406864183,NA,NA
Canada,2017,43,NA,0.045931758530183726,NA,NA
Canada,2017,44,NA,0.047000472366556446,NA,NA
Canada,2017,45,NA,0.05724876441515651,NA,NA
Canada,2017,46,NA,0.07718321066242291,NA,NA
Canada,2017,47,NA,0.10552380952380952,NA,NA
Canada,2017,48,NA,0.14874255459960292,NA,NA
Canada,2017,49,NA,0.18500307314074985,NA,NA
Canada,2017,50,NA,0.20754478930103457,NA,NA
Canada,2017,51,NA,0.25068262969964294,NA,NA
Canada,2017,52,NA,0.2811580446131941,NA,NA
Canada,2009,53,NA,0.013024013024013023,NA,NA
Canada,2015,53,NA,0.04285714285714286,NA,NA
Canada,2017,21,NA,0.05993788819875776,NA,NA
Canada,2017,22,NA,0.04148544663767146,NA,NA
Canada,2017,23,NA,0.035979228486646884,NA,NA
Canada,2017,24,NA,0.022300469483568074,NA,NA
Canada,2017,25,NA,0.018604651162790697,NA,NA
Canada,2017,26,NA,0.017534811758638472,NA,NA
Canada,2017,27,NA,0.028273809523809524,NA,NA
Canada,2017,28,NA,0.012236906510034264,NA,NA
Canada,2017,29,NA,0.014892443463872035,NA,NA
Canada,2017,30,NA,0.014619883040935672,NA,NA
Canada,2017,31,NA,0.01933534743202417,NA,NA
Canada,2017,32,NA,0.011764705882352941,NA,NA
Canada,2017,33,NA,0.016877637130801686,NA,NA
Canada,2017,34,NA,0.010714285714285714,NA,NA
