country,year,week,flu_positive,ili_incidence,ili_cases,flu_proxy_incidence
China,1999,33,0.16936572199730093,NA,NA,0.16936572199730093
China,1999,38,0.10488390712570056,NA,NA,0.10488390712570056
China,1999,42,0.043704474505723206,NA,NA,0.043704474505723206
China,1999,46,0.0326530612244898,NA,NA,0.0326530612244898
China,1999,50,0.027186761229314422,NA,NA,0.027186761229314422
China,1999,51,NA,NA,NA,NA
China,2000,27,NA,NA,NA,NA
China,2000,28,NA,NA,NA,NA
China,2000,29,NA,NA,NA,NA
China,2000,30,NA,NA,NA,NA
China,2000,31,NA,NA,NA,NA
China,2000,32,NA,NA,NA,NA
China,2000,33,NA,NA,NA,NA
China,2000,34,NA,NA,NA,NA
China,2000,35,NA,NA,NA,NA
China,2000,36,NA,NA,NA,NA
China,2000,37,NA,NA,NA,NA
China,2000,38,NA,NA,NA,NA
China,2000,39,NA,NA,NA,NA
China,2000,40,NA,NA,NA,NA
China,2000,41,NA,NA,NA,NA
China,2000,42,NA,NA,NA,NA
China,2000,43,NA,NA,NA,NA
China,2000,44,NA,NA,NA,NA
China,2000,45,NA,NA,NA,NA
China,2000,46,NA,NA,NA,NA
China,2000,47,NA,NA,NA,NA
China,2000,48,NA,NA,NA,NA
China,2000,49,NA,NA,NA,NA
China,2000,50,NA,NA,NA,NA
China,2000,51,NA,NA,NA,NA
China,2000,52,NA,NA,NA,NA
China,2001,1,NA,NA,NA,NA
China,2001,2,NA,NA,NA,NA
China,2001,3,NA,NA,NA,NA
China,2001,4,NA,NA,NA,NA
China,2001,5,NA,NA,NA,NA
China,2001,6,NA,NA,NA,NA
China,2001,7,NA,NA,NA,NA
China,2001,8,NA,NA,NA,NA
China,2001,9,NA,NA,NA,NA
China,2001,10,NA,NA,NA,NA
China,2001,11,NA,NA,NA,NA
China,2001,12,NA,NA,NA,NA
China,2001,13,NA,NA,NA,NA
China,2001,14,NA,NA,NA,NA
China,2001,15,NA,NA,NA,NA
China,2001,16,NA,NA,NA,NA
China,2001,17,NA,NA,NA,NA
China,2001,18,NA,NA,NA,NA
China,2001,19,NA,NA,NA,NA
China,2001,20,NA,NA,NA,NA
China,2001,21,NA,NA,NA,NA
China,2001,22,NA,NA,NA,NA
China,2001,23,NA,NA,NA,NA
China,2001,24,NA,NA,NA,NA
China,2001,25,NA,NA,NA,NA
China,2001,26,NA,NA,NA,NA
China,2001,27,NA,NA,NA,NA
China,2001,28,NA,NA,NA,NA
China,2001,29,NA,NA,NA,NA
China,2001,30,NA,NA,NA,NA
China,2001,31,NA,NA,NA,NA
China,2001,32,NA,NA,NA,NA
China,2001,33,NA,NA,NA,NA
China,2001,34,NA,NA,NA,NA
China,2001,35,NA,NA,NA,NA
China,2001,36,NA,NA,NA,NA
China,2001,37,NA,NA,NA,NA
China,2001,38,NA,NA,NA,NA
China,2001,39,NA,NA,NA,NA
China,2001,40,NA,NA,NA,NA
China,2001,41,NA,NA,NA,NA
China,2001,42,NA,NA,NA,NA
China,2001,43,NA,NA,NA,NA
China,2001,44,NA,NA,NA,NA
China,2001,45,NA,NA,NA,NA
China,2001,46,NA,NA,NA,NA
China,2001,47,NA,NA,NA,NA
China,2001,48,NA,NA,NA,NA
China,2001,49,NA,NA,NA,NA
China,2001,50,NA,NA,NA,NA
China,2001,51,NA,NA,NA,NA
China,2001,52,NA,NA,NA,NA
China,2002,1,NA,NA,NA,NA
China,2002,2,NA,NA,NA,NA
China,2002,3,NA,NA,NA,NA
China,2002,4,NA,NA,NA,NA
China,2002,5,NA,NA,NA,NA
China,2002,6,NA,NA,NA,NA
China,2002,7,NA,NA,NA,NA
China,2002,8,NA,NA,NA,NA
China,2002,9,NA,NA,NA,NA
China,2002,10,NA,NA,NA,NA
China,2002,11,NA,NA,NA,NA
China,2002,12,NA,NA,NA,NA
China,2002,13,NA,NA,NA,NA
China,2002,14,NA,NA,NA,NA
China,2002,15,NA,NA,NA,NA
China,2002,16,NA,NA,NA,NA
China,2002,17,NA,NA,NA,NA
China,2002,18,NA,NA,NA,NA
China,2002,19,NA,NA,NA,NA
China,2002,20,NA,NA,NA,NA
China,2002,21,NA,NA,NA,NA
China,2002,22,NA,NA,NA,NA
China,2002,23,NA,NA,NA,NA
China,2002,24,NA,NA,NA,NA
China,2002,25,NA,NA,NA,NA
China,2002,26,NA,NA,NA,NA
China,2002,27,NA,NA,NA,NA
China,2002,28,NA,NA,NA,NA
China,2002,29,NA,NA,NA,NA
China,2002,30,NA,NA,NA,NA
China,2002,31,NA,NA,NA,NA
China,2002,32,NA,NA,NA,NA
China,2002,33,NA,NA,NA,NA
China,2002,34,NA,NA,NA,NA
China,2002,35,NA,NA,NA,NA
China,2002,36,NA,NA,NA,NA
China,2002,37,NA,NA,NA,NA
China,2002,38,NA,NA,NA,NA
China,2002,39,NA,NA,NA,NA
China,2002,40,NA,NA,NA,NA
China,2002,41,NA,NA,NA,NA
China,2002,42,NA,NA,NA,NA
China,2002,43,NA,NA,NA,NA
China,2002,44,NA,NA,NA,NA
China,2002,45,NA,NA,NA,NA
China,2002,46,NA,NA,NA,NA
China,2002,47,NA,NA,NA,NA
China,2002,48,NA,NA,NA,NA
China,2002,49,NA,NA,NA,NA
China,2002,50,NA,NA,NA,NA
China,2002,51,NA,NA,NA,NA
China,2002,52,NA,NA,NA,NA
China,2003,1,NA,NA,NA,NA
China,2003,2,NA,NA,NA,NA
China,2003,3,NA,NA,NA,NA
China,2003,4,NA,NA,NA,NA
China,2003,5,NA,NA,NA,NA
China,2003,6,NA,NA,NA,NA
China,2003,7,NA,NA,NA,NA
China,2003,8,NA,NA,NA,NA
China,2003,9,NA,NA,NA,NA
China,2003,10,NA,NA,NA,NA
China,2003,11,NA,NA,NA,NA
China,2003,12,NA,NA,NA,NA
China,2003,13,NA,NA,NA,NA
China,2003,14,NA,NA,NA,NA
China,2003,15,NA,NA,NA,NA
China,2003,16,NA,NA,NA,NA
China,2003,17,NA,NA,NA,NA
China,2003,18,NA,NA,NA,NA
China,2003,19,NA,NA,NA,NA
China,2003,20,NA,NA,NA,NA
China,2003,21,NA,NA,NA,NA
China,2003,22,NA,NA,NA,NA
China,2003,23,NA,NA,NA,NA
China,2003,24,NA,NA,NA,NA
China,2003,25,NA,NA,NA,NA
China,2003,26,NA,NA,NA,NA
China,2003,27,NA,NA,NA,NA
China,2003,28,NA,NA,NA,NA
China,2003,29,Inf,NA,NA,Inf
China,2003,30,Inf,NA,NA,Inf
China,2003,31,Inf,NA,NA,Inf
China,2003,32,Inf,NA,NA,Inf
China,2003,33,Inf,NA,NA,Inf
China,2003,34,Inf,NA,NA,Inf
China,2003,35,Inf,NA,NA,Inf
China,2003,36,Inf,NA,NA,Inf
China,2003,37,Inf,NA,NA,Inf
China,2003,38,Inf,NA,NA,Inf
China,2003,39,Inf,NA,NA,Inf
China,2003,40,Inf,NA,NA,Inf
China,2003,41,Inf,NA,NA,Inf
China,2003,42,Inf,NA,NA,Inf
China,2003,43,Inf,NA,NA,Inf
China,2003,44,Inf,NA,NA,Inf
China,2003,45,NA,NA,NA,NA
China,2003,46,NA,NA,NA,NA
China,2003,47,NA,NA,NA,NA
China,2003,48,NA,NA,NA,NA
China,2003,49,Inf,NA,NA,Inf
China,2003,50,Inf,NA,NA,Inf
China,2003,51,Inf,NA,NA,Inf
China,2003,52,Inf,NA,NA,Inf
China,2004,1,Inf,NA,NA,Inf
China,2004,2,Inf,NA,NA,Inf
China,2004,3,Inf,NA,NA,Inf
China,2004,4,Inf,NA,NA,Inf
China,2004,5,NA,NA,NA,NA
China,2004,6,NA,NA,NA,NA
China,2004,7,Inf,NA,NA,Inf
China,2004,8,NA,NA,NA,NA
China,2004,9,NA,NA,NA,NA
China,2004,10,NA,NA,NA,NA
China,2004,11,NA,NA,NA,NA
China,2004,12,NA,NA,NA,NA
China,2004,13,NA,NA,NA,NA
China,2004,14,NA,NA,NA,NA
China,2004,15,NA,NA,NA,NA
China,2004,16,NA,NA,NA,NA
China,2004,17,NA,NA,NA,NA
China,2004,18,NA,NA,NA,NA
China,2004,19,NA,NA,NA,NA
China,2004,20,NA,NA,NA,NA
China,2004,21,NA,NA,NA,NA
China,2004,22,NA,NA,NA,NA
China,2004,23,NA,NA,NA,NA
China,2004,24,NA,NA,NA,NA
China,2004,25,NA,NA,NA,NA
China,2004,26,NA,NA,NA,NA
China,2004,27,NA,NA,NA,NA
China,2004,28,NA,NA,NA,NA
China,2004,29,NA,NA,NA,NA
China,2004,30,NA,NA,NA,NA
China,2004,31,NA,NA,NA,NA
China,2004,32,NA,NA,NA,NA
China,2004,33,NA,NA,NA,NA
China,2004,34,NA,NA,NA,NA
China,2004,35,NA,NA,NA,NA
China,2004,36,NA,NA,NA,NA
China,2004,37,NA,NA,NA,NA
China,2004,38,NA,NA,NA,NA
China,2004,39,NA,NA,NA,NA
China,2004,40,NA,NA,NA,NA
China,2004,41,NA,NA,NA,NA
China,2004,42,NA,NA,NA,NA
China,2004,43,NA,NA,NA,NA
China,2004,44,NA,NA,NA,NA
China,2004,45,NA,NA,NA,NA
China,2004,46,NA,NA,NA,NA
China,2004,47,NA,NA,NA,NA
China,2004,48,NA,NA,NA,NA
China,2004,49,NA,NA,NA,NA
China,2004,50,NA,NA,NA,NA
China,2004,51,NA,NA,NA,NA
China,2004,52,NA,NA,NA,NA
China,2005,1,NA,NA,NA,NA
China,2005,2,NA,NA,NA,NA
China,2005,3,NA,NA,NA,NA
China,2005,4,NA,NA,NA,NA
China,2005,5,NA,NA,NA,NA
China,2005,6,NA,NA,NA,NA
China,2005,7,NA,NA,NA,NA
China,2005,8,NA,NA,NA,NA
China,2005,9,NA,NA,NA,NA
China,2005,10,NA,NA,NA,NA
China,2005,11,NA,NA,NA,NA
China,2005,12,NA,NA,NA,NA
China,2005,13,NA,NA,NA,NA
China,2005,14,NA,NA,NA,NA
China,2005,15,NA,NA,NA,NA
China,2005,16,NA,NA,NA,NA
China,2005,17,NA,NA,NA,NA
China,2005,18,NA,NA,NA,NA
China,2005,19,NA,NA,NA,NA
China,2005,20,NA,NA,NA,NA
China,2005,21,NA,NA,NA,NA
China,2005,22,NA,NA,NA,NA
China,2005,23,NA,NA,NA,NA
China,2005,24,NA,NA,NA,NA
China,2005,25,NA,NA,NA,NA
China,2005,26,NA,NA,NA,NA
China,2005,27,NA,NA,NA,NA
China,2005,28,NA,NA,NA,NA
China,2005,29,NA,NA,NA,NA
China,2005,30,NA,NA,NA,NA
China,2005,31,NA,NA,NA,NA
China,2005,32,NA,NA,NA,NA
China,2005,33,NA,NA,NA,NA
China,2005,34,NA,NA,NA,NA
China,2005,35,NA,NA,NA,NA
China,2005,36,NA,NA,NA,NA
China,2005,37,NA,NA,NA,NA
China,2005,38,NA,NA,NA,NA
China,2005,39,0.1661721068249258,NA,NA,0.1661721068249258
China,2005,40,0.06896551724137931,NA,NA,0.06896551724137931
China,2005,41,0.10477941176470588,NA,NA,0.10477941176470588
China,2005,42,0.13780918727915195,NA,NA,0.13780918727915195
China,2005,43,0.11970534069981584,NA,NA,0.11970534069981584
China,2005,44,0.18153526970954356,NA,NA,0.18153526970954356
China,2005,45,0.1378692927484333,NA,NA,0.1378692927484333
China,2005,46,0.1768650461022632,NA,NA,0.1768650461022632
China,2005,47,0.18614357262103506,NA,NA,0.18614357262103506
China,2005,48,0.16519647153167602,NA,NA,0.16519647153167602
China,2005,49,0.1619718309859155,NA,NA,0.1619718309859155
China,2005,50,0.17002629272567923,NA,NA,0.17002629272567923
China,2005,51,0.19581589958158996,NA,NA,0.19581589958158996
China,2005,52,0.19370860927152317,NA,NA,0.19370860927152317
China,2006,1,0.2264851485148515,NA,NA,0.2264851485148515
China,2006,2,0.26558265582655827,NA,NA,0.26558265582655827
China,2006,3,0.2479591836734694,NA,NA,0.2479591836734694
China,2006,4,0.1976225854383358,NA,NA,0.1976225854383358
China,2006,5,0.6415094339622641,NA,NA,0.6415094339622641
China,2006,6,0.3604060913705584,NA,NA,0.3604060913705584
China,2006,7,0.25552825552825553,NA,NA,0.25552825552825553
China,2006,8,0.28125,NA,NA,0.28125
China,2006,9,0.29498269896193774,NA,NA,0.29498269896193774
China,2006,10,0.2603036876355748,NA,NA,0.2603036876355748
China,2006,11,0.33470057424118127,NA,NA,0.33470057424118127
China,2006,12,0.2612044817927171,NA,NA,0.2612044817927171
China,2006,13,0.27610759493670883,NA,NA,0.27610759493670883
China,2006,14,NA,NA,NA,NA
China,2006,15,NA,NA,NA,NA
China,2006,16,NA,NA,NA,NA
China,2006,17,NA,NA,NA,NA
China,2006,18,NA,NA,NA,NA
China,2006,19,NA,NA,NA,NA
China,2006,20,NA,NA,NA,NA
China,2006,21,NA,NA,NA,NA
China,2006,22,NA,NA,NA,NA
China,2006,23,NA,NA,NA,NA
China,2006,24,NA,NA,NA,NA
China,2006,25,NA,NA,NA,NA
China,2006,26,NA,NA,NA,NA
China,2006,27,NA,NA,NA,NA
China,2006,28,NA,NA,NA,NA
China,2006,29,NA,NA,NA,NA
China,2006,30,NA,NA,NA,NA
China,2006,31,NA,NA,NA,NA
China,2006,32,NA,NA,NA,NA
China,2006,33,NA,NA,NA,NA
China,2006,34,NA,NA,NA,NA
China,2006,35,NA,NA,NA,NA
China,2006,36,NA,NA,NA,NA
China,2006,37,NA,NA,NA,NA
China,2006,38,NA,NA,NA,NA
China,2006,39,0.11204013377926421,NA,NA,0.11204013377926421
China,2006,40,0.13725490196078433,NA,NA,0.13725490196078433
China,2006,41,0.07296849087893864,NA,NA,0.07296849087893864
China,2006,42,0.04341926729986431,NA,NA,0.04341926729986431
China,2006,43,0.0228494623655914,NA,NA,0.0228494623655914
China,2006,44,0.03465982028241335,NA,NA,0.03465982028241335
China,2006,45,0.010075566750629723,NA,NA,0.010075566750629723
China,2006,46,0.015028901734104046,NA,NA,0.015028901734104046
China,2006,47,0.02944507361268403,NA,NA,0.02944507361268403
China,2006,48,0.0461361014994233,NA,NA,0.0461361014994233
China,2006,49,0.08763388510223953,NA,NA,0.08763388510223953
China,2006,50,0.0967741935483871,NA,NA,0.0967741935483871
China,2006,51,0.1307634164777022,NA,NA,0.1307634164777022
China,2006,52,0.18238993710691823,NA,NA,0.18238993710691823
China,2007,1,0.27682926829268295,NA,NA,0.27682926829268295
China,2007,2,0.30716934487021014,NA,NA,0.30716934487021014
China,2007,3,0.29535398230088494,NA,NA,0.29535398230088494
China,2007,4,0.270906949352179,NA,NA,0.270906949352179
China,2007,5,0.2936689549961861,NA,NA,0.2936689549961861
China,2007,6,0.3199251637043966,NA,NA,0.3199251637043966
China,2007,7,0.46048632218844987,NA,NA,0.46048632218844987
China,2007,8,0.6456692913385826,NA,NA,0.6456692913385826
China,2007,9,0.5515759312320917,NA,NA,0.5515759312320917
China,2007,10,0.6246376811594203,NA,NA,0.6246376811594203
China,2007,11,0.4824945295404814,NA,NA,0.4824945295404814
China,2007,12,0.5084525357607282,NA,NA,0.5084525357607282
China,2007,13,0.41604010025062654,NA,NA,0.41604010025062654
China,2007,14,NA,NA,NA,NA
China,2007,15,NA,NA,NA,NA
China,2007,16,NA,NA,NA,NA
China,2007,17,NA,NA,NA,NA
China,2007,18,NA,NA,NA,NA
China,2007,19,NA,NA,NA,NA
China,2007,20,NA,NA,NA,NA
China,2007,21,NA,NA,NA,NA
China,2007,22,NA,NA,NA,NA
China,2007,23,NA,NA,NA,NA
China,2007,24,NA,NA,NA,NA
China,2007,25,NA,NA,NA,NA
China,2007,26,NA,NA,NA,NA
China,2007,27,NA,NA,NA,NA
China,2007,28,NA,NA,NA,NA
China,2007,29,NA,NA,NA,NA
China,2007,30,NA,NA,NA,NA
China,2007,31,NA,NA,NA,NA
China,2007,32,NA,NA,NA,NA
China,2007,33,NA,NA,NA,NA
China,2007,34,NA,NA,NA,NA
China,2007,35,NA,NA,NA,NA
China,2007,36,NA,NA,NA,NA
China,2007,37,NA,NA,NA,NA
China,2007,38,NA,NA,NA,NA
China,2007,39,NA,NA,NA,NA
China,2007,40,0.6197183098591549,NA,NA,0.6197183098591549
China,2007,41,0.165625,NA,NA,0.165625
China,2007,42,0.15565031982942432,NA,NA,0.15565031982942432
China,2007,43,0.10436893203883495,NA,NA,0.10436893203883495
China,2007,44,0.09623430962343096,NA,NA,0.09623430962343096
China,2007,45,0.16596638655462184,NA,NA,0.16596638655462184
China,2007,46,0.1048951048951049,NA,NA,0.1048951048951049
China,2007,47,0.08935611038107753,NA,NA,0.08935611038107753
China,2007,48,0.08866995073891626,NA,NA,0.08866995073891626
China,2007,49,0.12727272727272726,NA,NA,0.12727272727272726
China,2007,50,0.1715438950554995,NA,NA,0.1715438950554995
China,2007,51,0.23471074380165288,NA,NA,0.23471074380165288
China,2007,52,0.14974619289340102,NA,NA,0.14974619289340102
China,2008,1,0.16835016835016836,NA,NA,0.16835016835016836
China,2008,2,0.24640287769784172,NA,NA,0.24640287769784172
China,2008,3,0.24396135265700483,NA,NA,0.24396135265700483
China,2008,4,0.30097087378640774,NA,NA,0.30097087378640774
China,2008,5,0.37158469945355194,NA,NA,0.37158469945355194
China,2008,6,3.8333333333333335,NA,NA,3.8333333333333335
China,2008,7,0.8097345132743363,NA,NA,0.8097345132743363
China,2008,8,0.45454545454545453,NA,NA,0.45454545454545453
China,2008,9,0.5064935064935064,NA,NA,0.5064935064935064
China,2008,10,0.42058823529411765,NA,NA,0.42058823529411765
China,2008,11,0.581725888324873,NA,NA,0.581725888324873
China,2008,12,0.5805330243337196,NA,NA,0.5805330243337196
China,2008,13,0.5215231788079471,NA,NA,0.5215231788079471
China,2008,14,0.3893280632411067,NA,NA,0.3893280632411067
China,2008,15,NA,NA,NA,NA
China,2008,16,NA,NA,NA,NA
China,2008,17,NA,NA,NA,NA
China,2008,18,NA,NA,NA,NA
China,2008,19,NA,NA,NA,NA
China,2008,20,NA,NA,NA,NA
China,2008,21,NA,NA,NA,NA
China,2008,22,NA,NA,NA,NA
China,2008,23,NA,NA,NA,NA
China,2008,24,NA,NA,NA,NA
China,2008,25,NA,NA,NA,NA
China,2008,26,NA,NA,NA,NA
China,2008,27,NA,NA,NA,NA
China,2008,28,NA,NA,NA,NA
China,2008,29,NA,NA,NA,NA
China,2008,30,NA,NA,NA,NA
China,2008,31,NA,NA,NA,NA
China,2008,32,NA,NA,NA,NA
China,2008,33,NA,NA,NA,NA
China,2008,34,NA,NA,NA,NA
China,2008,35,NA,NA,NA,NA
China,2008,36,NA,NA,NA,NA
China,2008,37,NA,NA,NA,NA
China,2008,38,NA,NA,NA,NA
China,2008,39,Inf,NA,NA,Inf
China,2008,40,0.168,NA,NA,0.168
China,2008,41,0.07352941176470588,NA,NA,0.07352941176470588
China,2008,42,0.04820333041191937,NA,NA,0.04820333041191937
China,2008,43,0.03531438415159346,NA,NA,0.03531438415159346
China,2008,44,0.05954323001631321,NA,NA,0.05954323001631321
China,2008,45,0.049011177987962166,NA,NA,0.049011177987962166
China,2008,46,0.06355591311343524,NA,NA,0.06355591311343524
China,2008,47,0.0794044665012407,NA,NA,0.0794044665012407
China,2008,48,0.12441679626749612,NA,NA,0.12441679626749612
China,2008,49,0.12197028928850664,NA,NA,0.12197028928850664
China,2008,50,0.14743589743589744,NA,NA,0.14743589743589744
China,2008,51,0.171078114912847,NA,NA,0.171078114912847
China,2008,52,0.19072164948453607,NA,NA,0.19072164948453607
China,2009,1,0.1974468085106383,NA,NA,0.1974468085106383
China,2009,2,0.23601532567049807,NA,NA,0.23601532567049807
China,2009,3,0.2826969943135662,NA,NA,0.2826969943135662
China,2009,4,0.2737535277516463,NA,NA,0.2737535277516463
China,2009,5,0.5362637362637362,NA,NA,0.5362637362637362
China,2009,6,0.36363636363636365,NA,NA,0.36363636363636365
China,2009,7,0.42232142857142857,NA,NA,0.42232142857142857
China,2009,8,0.43462246777163904,NA,NA,0.43462246777163904
China,2009,9,0.3904674610449129,NA,NA,0.3904674610449129
China,2009,10,0.3721356553620532,NA,NA,0.3721356553620532
China,2009,11,0.32248803827751193,NA,NA,0.32248803827751193
China,2009,12,0.2709677419354839,NA,NA,0.2709677419354839
China,2009,13,0.2613981762917933,NA,NA,0.2613981762917933
China,2009,14,0.22280334728033474,NA,NA,0.22280334728033474
China,2009,15,0.22097902097902097,NA,NA,0.22097902097902097
China,2009,16,0.21247113163972287,NA,NA,0.21247113163972287
China,2009,17,0.18940397350993377,NA,NA,0.18940397350993377
China,2009,18,0.29551820728291317,NA,NA,0.29551820728291317
China,2009,19,0.19279907084785133,NA,NA,0.19279907084785133
China,2009,20,0.2054263565891473,NA,NA,0.2054263565891473
China,2009,21,0.31238095238095237,NA,NA,0.31238095238095237
China,2009,22,1.3898305084745763,NA,NA,1.3898305084745763
China,2009,23,NA,NA,NA,NA
China,2009,24,NA,NA,NA,NA
China,2009,25,0.1769287833827893,NA,NA,0.1769287833827893
China,2009,26,0.2672413793103448,NA,NA,0.2672413793103448
China,2009,27,0.27406318883174136,NA,NA,0.27406318883174136
China,2009,28,0.33524258760107817,NA,NA,0.33524258760107817
China,2009,29,0.5054054054054054,NA,NA,0.5054054054054054
China,2009,30,0.7183308494783904,NA,NA,0.7183308494783904
China,2009,31,0.9196659948171609,NA,NA,0.9196659948171609
China,2009,32,0.2854615157770569,NA,NA,0.2854615157770569
China,2009,33,1.2648221343873518,NA,NA,1.2648221343873518
China,2009,34,1.200115008625647,NA,NA,1.200115008625647
China,2009,35,0.8356438693776956,NA,NA,0.8356438693776956
China,2009,36,0.8971145919208574,NA,NA,0.8971145919208574
China,2009,37,0.6824120603015076,NA,NA,0.6824120603015076
China,2009,38,0.7779420825631547,NA,NA,0.7779420825631547
China,2009,39,1.029491017964072,NA,NA,1.029491017964072
China,2009,40,0.5715674834694672,NA,NA,0.5715674834694672
China,2009,41,0.4165442976015663,NA,NA,0.4165442976015663
China,2009,42,0.38394182249925796,NA,NA,0.38394182249925796
China,2009,43,0.40635545556805397,NA,NA,0.40635545556805397
China,2009,44,0.4799054373522459,NA,NA,0.4799054373522459
China,2009,45,0.5003937783028155,NA,NA,0.5003937783028155
China,2009,46,0.5113564668769716,NA,NA,0.5113564668769716
China,2009,47,0.5609974170474866,NA,NA,0.5609974170474866
China,2009,48,0.5964887239508992,NA,NA,0.5964887239508992
China,2009,49,0.5246134427264121,NA,NA,0.5246134427264121
China,2009,50,0.4505884965578503,NA,NA,0.4505884965578503
China,2009,51,0.3961008083689967,NA,NA,0.3961008083689967
China,2009,52,0.35439931279911646,NA,NA,0.35439931279911646
China,2009,53,0.3351724137931035,NA,NA,0.3351724137931035
China,2010,1,0.29682604549788855,NA,NA,0.29682604549788855
China,2010,2,0.3092941998602376,NA,NA,0.3092941998602376
China,2010,3,0.31078253591853816,NA,NA,0.31078253591853816
China,2010,4,0.314947172156619,NA,NA,0.314947172156619
China,2010,5,0.2866403162055336,NA,NA,0.2866403162055336
China,2010,6,0.2850221192331999,NA,NA,0.2850221192331999
China,2010,7,0.23936488915518275,NA,NA,0.23936488915518275
China,2010,8,0.22287282708142728,NA,NA,0.22287282708142728
China,2010,9,0.23676731793960923,NA,NA,0.23676731793960923
China,2010,10,0.28320758027724163,NA,NA,0.28320758027724163
China,2010,11,0.28072715572715573,NA,NA,0.28072715572715573
China,2010,12,0.2755428978284087,NA,NA,0.2755428978284087
China,2010,13,0.25282331511839706,NA,NA,0.25282331511839706
China,2010,14,0.18160275743214133,NA,NA,0.18160275743214133
China,2010,15,0.1872051886792453,NA,NA,0.1872051886792453
China,2010,16,0.1454102355808286,NA,NA,0.1454102355808286
China,2010,17,0.1467934650085345,NA,NA,0.1467934650085345
China,2010,18,0.12149747358750575,NA,NA,0.12149747358750575
China,2010,19,0.10211764705882354,NA,NA,0.10211764705882354
China,2010,20,0.09248554913294797,NA,NA,0.09248554913294797
China,2010,21,0.0794735509997469,NA,NA,0.0794735509997469
China,2010,22,0.06124115405552531,NA,NA,0.06124115405552531
China,2010,23,0.06513409961685823,NA,NA,0.06513409961685823
China,2010,24,0.043049981758482306,NA,NA,0.043049981758482306
China,2010,25,0.051289159966731356,NA,NA,0.051289159966731356
China,2010,26,0.06100875868317729,NA,NA,0.06100875868317729
China,2010,27,0.07113765951669834,NA,NA,0.07113765951669834
China,2010,28,0.08601596703579706,NA,NA,0.08601596703579706
China,2010,29,0.10480349344978165,NA,NA,0.10480349344978165
China,2010,30,0.10820015719151166,NA,NA,0.10820015719151166
China,2010,31,0.15088321884200195,NA,NA,0.15088321884200195
China,2010,32,0.21585535465924896,NA,NA,0.21585535465924896
China,2010,33,0.21507150715071507,NA,NA,0.21507150715071507
China,2010,34,0.27343540155788343,NA,NA,0.27343540155788343
China,2010,35,0.3272972972972973,NA,NA,0.3272972972972973
China,2010,36,0.3853971650173843,NA,NA,0.3853971650173843
China,2010,37,0.3984311604003246,NA,NA,0.3984311604003246
China,2010,38,0.37382885696439727,NA,NA,0.37382885696439727
China,2010,39,0.3588598901098901,NA,NA,0.3588598901098901
China,2010,40,0.3352165725047081,NA,NA,0.3352165725047081
China,2010,41,0.22840946982327442,NA,NA,0.22840946982327442
China,2010,42,0.18091168091168092,NA,NA,0.18091168091168092
China,2010,43,0.14188034188034188,NA,NA,0.14188034188034188
China,2010,44,0.11958146487294469,NA,NA,0.11958146487294469
China,2010,45,0.11657177105184298,NA,NA,0.11657177105184298
China,2010,46,0.1,NA,NA,0.1
China,2010,47,0.12831286360698124,NA,NA,0.12831286360698124
China,2010,48,0.13845621322256838,NA,NA,0.13845621322256838
China,2010,49,0.14353197674418605,NA,NA,0.14353197674418605
China,2010,50,0.1242644513672551,NA,NA,0.1242644513672551
China,2010,51,0.14675767918088736,NA,NA,0.14675767918088736
China,2010,52,0.17912457912457913,NA,NA,0.17912457912457913
China,2011,1,0.26064516129032256,NA,NA,0.26064516129032256
China,2011,2,0.3475825471698113,NA,NA,0.3475825471698113
China,2011,3,0.3658741847254366,NA,NA,0.3658741847254366
China,2011,4,0.4571023398723706,NA,NA,0.4571023398723706
China,2011,5,0.819764177428411,NA,NA,0.819764177428411
China,2011,6,0.6100157728706624,NA,NA,0.6100157728706624
China,2011,7,0.42857142857142855,NA,NA,0.42857142857142855
China,2011,8,0.2968920392584515,NA,NA,0.2968920392584515
China,2011,9,0.21104185218165628,NA,NA,0.21104185218165628
China,2011,10,0.177495643515061,NA,NA,0.177495643515061
China,2011,11,0.13862888945104984,NA,NA,0.13862888945104984
China,2011,12,0.11246684350132626,NA,NA,0.11246684350132626
China,2011,13,0.11788617886178862,NA,NA,0.11788617886178862
China,2011,14,0.12346185397867104,NA,NA,0.12346185397867104
China,2011,15,0.10978993261989695,NA,NA,0.10978993261989695
China,2011,16,0.09507406131588013,NA,NA,0.09507406131588013
China,2011,17,0.07926556202418271,NA,NA,0.07926556202418271
China,2011,18,0.06911764705882353,NA,NA,0.06911764705882353
China,2011,19,0.07195571955719557,NA,NA,0.07195571955719557
China,2011,20,0.0545933734939759,NA,NA,0.0545933734939759
China,2011,21,0.04808097849008857,NA,NA,0.04808097849008857
China,2011,22,0.04366576819407008,NA,NA,0.04366576819407008
China,2011,23,0.03403289846851957,NA,NA,0.03403289846851957
China,2011,24,0.03349031920460492,NA,NA,0.03349031920460492
China,2011,25,0.021618625277161862,NA,NA,0.021618625277161862
China,2011,26,0.032535297728667895,NA,NA,0.032535297728667895
China,2011,27,0.03329439252336448,NA,NA,0.03329439252336448
China,2011,28,0.03182429403854774,NA,NA,0.03182429403854774
China,2011,29,0.036550542547115934,NA,NA,0.036550542547115934
China,2011,30,0.049325267566309915,NA,NA,0.049325267566309915
China,2011,31,0.04935711323102447,NA,NA,0.04935711323102447
China,2011,32,0.04879032258064516,NA,NA,0.04879032258064516
China,2011,33,0.050688976377952756,NA,NA,0.050688976377952756
China,2011,34,0.04893867924528302,NA,NA,0.04893867924528302
China,2011,35,0.058695652173913045,NA,NA,0.058695652173913045
China,2011,36,0.08765652951699464,NA,NA,0.08765652951699464
China,2011,37,0.047206582936336075,NA,NA,0.047206582936336075
China,2011,38,0.06568228105906314,NA,NA,0.06568228105906314
China,2011,39,0.06871609403254973,NA,NA,0.06871609403254973
China,2011,40,0.07597645799892991,NA,NA,0.07597645799892991
China,2011,41,0.059689288634505316,NA,NA,0.059689288634505316
China,2011,42,0.04213179690313288,NA,NA,0.04213179690313288
China,2011,43,0.04837740384615385,NA,NA,0.04837740384615385
China,2011,44,0.054301833568406205,NA,NA,0.054301833568406205
China,2011,45,0.08807339449541285,NA,NA,0.08807339449541285
China,2011,46,0.05615987857323552,NA,NA,0.05615987857323552
China,2011,47,0.06610275689223058,NA,NA,0.06610275689223058
China,2011,48,0.07501697216564834,NA,NA,0.07501697216564834
China,2011,49,0.09085475194261805,NA,NA,0.09085475194261805
China,2011,50,0.1048951048951049,NA,NA,0.1048951048951049
China,2011,51,0.15614186851211073,NA,NA,0.15614186851211073
China,2011,52,0.22245268343271973,NA,NA,0.22245268343271973
China,2012,1,0.2244079449961803,NA,NA,0.2244079449961803
China,2012,2,0.2721722909954214,NA,NA,0.2721722909954214
China,2012,3,0.2959558823529412,NA,NA,0.2959558823529412
China,2012,4,0.3266294227188082,NA,NA,0.3266294227188082
China,2012,5,0.3327526132404181,NA,NA,0.3327526132404181
China,2012,6,0.3537172401497593,NA,NA,0.3537172401497593
China,2012,7,0.42052313883299797,NA,NA,0.42052313883299797
China,2012,8,0.4469503546099291,NA,NA,0.4469503546099291
China,2012,9,0.5070473436935309,NA,NA,0.5070473436935309
China,2012,10,0.41549189025314537,NA,NA,0.41549189025314537
China,2012,11,0.37957244655581945,NA,NA,0.37957244655581945
China,2012,12,0.33842909857670006,NA,NA,0.33842909857670006
China,2012,13,0.29782686141788384,NA,NA,0.29782686141788384
China,2012,14,0.2617367290579932,NA,NA,0.2617367290579932
China,2012,15,0.21035771489588895,NA,NA,0.21035771489588895
China,2012,16,0.1995263469508585,NA,NA,0.1995263469508585
China,2012,17,0.2099125364431487,NA,NA,0.2099125364431487
China,2012,18,0.26702862783810466,NA,NA,0.26702862783810466
China,2012,19,0.26553468208092484,NA,NA,0.26553468208092484
China,2012,20,0.4050228310502283,NA,NA,0.4050228310502283
China,2012,21,0.9156414762741653,NA,NA,0.9156414762741653
China,2012,22,0.4153245485602733,NA,NA,0.4153245485602733
China,2012,23,0.3383247543284979,NA,NA,0.3383247543284979
China,2012,24,0.28106508875739644,NA,NA,0.28106508875739644
China,2012,25,0.2473336719146775,NA,NA,0.2473336719146775
China,2012,26,0.21558743699108182,NA,NA,0.21558743699108182
China,2012,27,0.22418325197146075,NA,NA,0.22418325197146075
China,2012,28,0.2368222891566265,NA,NA,0.2368222891566265
China,2012,29,0.23995535714285715,NA,NA,0.23995535714285715
China,2012,30,0.2773203592814371,NA,NA,0.2773203592814371
China,2012,31,0.24867924528301888,NA,NA,0.24867924528301888
China,2012,32,0.2136245834875972,NA,NA,0.2136245834875972
China,2012,33,0.17700578990901572,NA,NA,0.17700578990901572
China,2012,34,0.17464003715745471,NA,NA,0.17464003715745471
China,2012,35,0.1480552070263488,NA,NA,0.1480552070263488
China,2012,36,0.13600833767587284,NA,NA,0.13600833767587284
China,2012,37,0.09787422497785651,NA,NA,0.09787422497785651
China,2012,38,0.06649331352154532,NA,NA,0.06649331352154532
China,2012,39,0.052314814814814814,NA,NA,0.052314814814814814
China,2012,40,0.030656039239730228,NA,NA,0.030656039239730228
China,2012,41,0.017582417582417582,NA,NA,0.017582417582417582
China,2012,42,0.021074502819827843,NA,NA,0.021074502819827843
China,2012,43,0.020627295846284262,NA,NA,0.020627295846284262
China,2012,44,0.026538678712591756,NA,NA,0.026538678712591756
China,2012,45,0.026716460787130136,NA,NA,0.026716460787130136
China,2012,46,0.03707890572009948,NA,NA,0.03707890572009948
China,2012,47,0.05584030213110332,NA,NA,0.05584030213110332
China,2012,48,0.06454918032786885,NA,NA,0.06454918032786885
China,2012,49,0.08197078700675824,NA,NA,0.08197078700675824
China,2012,50,0.11985957873620863,NA,NA,0.11985957873620863
China,2012,51,0.11902439024390243,NA,NA,0.11902439024390243
China,2012,52,0.12174100409394527,NA,NA,0.12174100409394527
China,2013,1,NA,NA,NA,NA
China,2013,2,0.1433085501858736,NA,NA,0.1433085501858736
China,2013,3,0.13415384615384615,NA,NA,0.13415384615384615
China,2013,4,0.21376872580373674,NA,NA,0.21376872580373674
China,2013,5,0.19220346049614342,NA,NA,0.19220346049614342
China,2013,6,0.1795446061963419,NA,NA,0.1795446061963419
China,2013,7,0.1694743935309973,NA,NA,0.1694743935309973
China,2013,8,0.15361216730038021,NA,NA,0.15361216730038021
China,2013,9,0.14475930351655855,NA,NA,0.14475930351655855
China,2013,10,0.15209850849809226,NA,NA,0.15209850849809226
China,2013,11,0.14411651973936374,NA,NA,0.14411651973936374
China,2013,12,0.12448132780082988,NA,NA,0.12448132780082988
China,2013,13,0.10525335320417288,NA,NA,0.10525335320417288
China,2013,14,0.10497932770088082,NA,NA,0.10497932770088082
China,2013,15,0.09903874162540052,NA,NA,0.09903874162540052
China,2013,16,0.09153765218698331,NA,NA,0.09153765218698331
China,2013,17,0.08293988039030532,NA,NA,0.08293988039030532
China,2013,18,0.07898686679174484,NA,NA,0.07898686679174484
China,2013,19,0.05831053351573187,NA,NA,0.05831053351573187
China,2013,20,0.04714828897338403,NA,NA,0.04714828897338403
China,2013,21,0.048165536428447224,NA,NA,0.048165536428447224
China,2013,22,0.035783365570599614,NA,NA,0.035783365570599614
China,2013,23,0.04011762234824617,NA,NA,0.04011762234824617
China,2013,24,0.035462421922224464,NA,NA,0.035462421922224464
China,2013,25,0.03485642044428391,NA,NA,0.03485642044428391
China,2013,26,0.04384694932781799,NA,NA,0.04384694932781799
China,2013,27,0.0422615648201028,NA,NA,0.0422615648201028
China,2013,28,0.040205128205128206,NA,NA,0.040205128205128206
China,2013,29,0.04271961492178099,NA,NA,0.04271961492178099
China,2013,30,0.049146110056926,NA,NA,0.049146110056926
China,2013,31,0.06420404573438875,NA,NA,0.06420404573438875
China,2013,32,0.05638037962788949,NA,NA,0.05638037962788949
China,2013,33,0.06782106782106782,NA,NA,0.06782106782106782
China,2013,34,0.04850288916126773,NA,NA,0.04850288916126773
China,2013,35,0.05997317493772753,NA,NA,0.05997317493772753
China,2013,36,0.08010763817015111,NA,NA,0.08010763817015111
China,2013,37,0.09928082792492546,NA,NA,0.09928082792492546
China,2013,38,0.10408921933085502,NA,NA,0.10408921933085502
China,2013,39,0.0805256064690027,NA,NA,0.0805256064690027
China,2013,40,0.07381869803285337,NA,NA,0.07381869803285337
China,2013,41,0.05332145584118096,NA,NA,0.05332145584118096
China,2013,42,0.04572009144018288,NA,NA,0.04572009144018288
China,2013,43,0.04671492965441879,NA,NA,0.04671492965441879
China,2013,44,0.054372669313124025,NA,NA,0.054372669313124025
China,2013,45,0.062457569585879155,NA,NA,0.062457569585879155
China,2013,46,0.07634025944208472,NA,NA,0.07634025944208472
China,2013,47,0.09016898976193413,NA,NA,0.09016898976193413
China,2013,48,0.12305673329295376,NA,NA,0.12305673329295376
China,2013,49,0.16009534213923926,NA,NA,0.16009534213923926
China,2013,50,0.20316411334735154,NA,NA,0.20316411334735154
China,2013,51,0.25054853202382193,NA,NA,0.25054853202382193
China,2013,52,0.3177879031537568,NA,NA,0.3177879031537568
China,2014,1,0.37484885126964934,NA,NA,0.37484885126964934
China,2014,2,0.4176880086282969,NA,NA,0.4176880086282969
China,2014,3,0.42655262179248793,NA,NA,0.42655262179248793
China,2014,4,0.42511173474690783,NA,NA,0.42511173474690783
China,2014,5,0.4278326996197719,NA,NA,0.4278326996197719
China,2014,6,0.37643504531722055,NA,NA,0.37643504531722055
China,2014,7,0.30119384864427357,NA,NA,0.30119384864427357
China,2014,8,0.3035107587768969,NA,NA,0.3035107587768969
China,2014,9,0.2922166149068323,NA,NA,0.2922166149068323
China,2014,10,0.25090720580611714,NA,NA,0.25090720580611714
China,2014,11,0.22948938611589215,NA,NA,0.22948938611589215
China,2014,12,0.1995331371155993,NA,NA,0.1995331371155993
China,2014,13,0.16636891469405984,NA,NA,0.16636891469405984
China,2014,14,0.1455567702639388,NA,NA,0.1455567702639388
China,2014,15,0.12506346251480793,NA,NA,0.12506346251480793
China,2014,16,0.08750577723001078,NA,NA,0.08750577723001078
China,2014,17,0.08045783538124895,NA,NA,0.08045783538124895
China,2014,18,0.07202124128775307,NA,NA,0.07202124128775307
China,2014,19,0.06140620202640467,NA,NA,0.06140620202640467
China,2014,20,0.06237039400223321,NA,NA,0.06237039400223321
China,2014,21,0.0632546404757614,NA,NA,0.0632546404757614
China,2014,22,0.07984069789493647,NA,NA,0.07984069789493647
China,2014,23,0.09566150544228116,NA,NA,0.09566150544228116
China,2014,24,0.13009619789280807,NA,NA,0.13009619789280807
China,2014,25,0.12434469200524247,NA,NA,0.12434469200524247
China,2014,26,0.15678524374176547,NA,NA,0.15678524374176547
China,2014,27,0.16862088218872137,NA,NA,0.16862088218872137
China,2014,28,0.17702176733458266,NA,NA,0.17702176733458266
China,2014,29,0.20081842982722037,NA,NA,0.20081842982722037
China,2014,30,0.21133615952268803,NA,NA,0.21133615952268803
China,2014,31,0.21752368064952637,NA,NA,0.21752368064952637
China,2014,32,0.1926605504587156,NA,NA,0.1926605504587156
China,2014,33,0.19029443838604143,NA,NA,0.19029443838604143
China,2014,34,0.15975138585587098,NA,NA,0.15975138585587098
China,2014,35,0.13968957871396895,NA,NA,0.13968957871396895
China,2014,36,0.11835599505562423,NA,NA,0.11835599505562423
China,2014,37,0.10522151898734178,NA,NA,0.10522151898734178
China,2014,38,0.08450704225352113,NA,NA,0.08450704225352113
China,2014,39,0.061627696211709264,NA,NA,0.061627696211709264
China,2014,40,0.04589051202597019,NA,NA,0.04589051202597019
China,2014,41,0.03402841429880843,NA,NA,0.03402841429880843
China,2014,42,0.028320971004720162,NA,NA,0.028320971004720162
China,2014,43,0.03423288355822089,NA,NA,0.03423288355822089
China,2014,44,0.033700917242090074,NA,NA,0.033700917242090074
China,2014,45,0.04071170084439083,NA,NA,0.04071170084439083
China,2014,46,0.05492405190624686,NA,NA,0.05492405190624686
China,2014,47,0.08732106339468303,NA,NA,0.08732106339468303
China,2014,48,0.10508002783576896,NA,NA,0.10508002783576896
China,2014,49,0.1473413762287757,NA,NA,0.1473413762287757
China,2014,50,0.1891273559211243,NA,NA,0.1891273559211243
China,2014,51,0.23116548615582744,NA,NA,0.23116548615582744
China,2014,52,0.2697704775372566,NA,NA,0.2697704775372566
China,2015,1,0.2867383512544803,NA,NA,0.2867383512544803
China,2015,2,0.3250931920737689,NA,NA,0.3250931920737689
China,2015,3,0.29933261183261184,NA,NA,0.29933261183261184
China,2015,4,0.33107803337843933,NA,NA,0.33107803337843933
China,2015,5,0.35396204825021454,NA,NA,0.35396204825021454
China,2015,6,0.3202179176755448,NA,NA,0.3202179176755448
China,2015,7,0.2785773884021694,NA,NA,0.2785773884021694
China,2015,8,0.27563160005346876,NA,NA,0.27563160005346876
China,2015,9,0.2543288849674644,NA,NA,0.2543288849674644
China,2015,10,0.19670883667839817,NA,NA,0.19670883667839817
China,2015,11,0.208898055391868,NA,NA,0.208898055391868
China,2015,12,0.2080638206123329,NA,NA,0.2080638206123329
China,2015,13,0.19572872884244008,NA,NA,0.19572872884244008
China,2015,14,0.15243071331213084,NA,NA,0.15243071331213084
China,2015,15,0.15345122646891043,NA,NA,0.15345122646891043
China,2015,16,0.13123028391167194,NA,NA,0.13123028391167194
China,2015,17,0.11704312114989733,NA,NA,0.11704312114989733
China,2015,18,0.10261295590636908,NA,NA,0.10261295590636908
China,2015,19,0.09328260299134085,NA,NA,0.09328260299134085
China,2015,20,0.08776633272188514,NA,NA,0.08776633272188514
China,2015,21,0.09742120343839542,NA,NA,0.09742120343839542
China,2015,22,0.11128023000169118,NA,NA,0.11128023000169118
China,2015,23,0.151618398637138,NA,NA,0.151618398637138
China,2015,24,0.21304907712119045,NA,NA,0.21304907712119045
China,2015,25,0.29345088161209065,NA,NA,0.29345088161209065
China,2015,26,0.34358706986444215,NA,NA,0.34358706986444215
China,2015,27,0.22362706302480456,NA,NA,0.22362706302480456
China,2015,28,0.19903740098265316,NA,NA,0.19903740098265316
China,2015,29,0.18468468468468469,NA,NA,0.18468468468468469
China,2015,30,0.17998924152770307,NA,NA,0.17998924152770307
China,2015,31,0.18683602771362587,NA,NA,0.18683602771362587
China,2015,32,0.1469335604770017,NA,NA,0.1469335604770017
China,2015,33,0.12915699922660479,NA,NA,0.12915699922660479
China,2015,34,0.12186467637342469,NA,NA,0.12186467637342469
China,2015,35,0.10355555555555555,NA,NA,0.10355555555555555
China,2015,36,0.07896431791833054,NA,NA,0.07896431791833054
China,2015,37,0.06149553571428571,NA,NA,0.06149553571428571
China,2015,38,0.042187855355924495,NA,NA,0.042187855355924495
China,2015,39,0.028736269832464217,NA,NA,0.028736269832464217
China,2015,40,0.02308487423911795,NA,NA,0.02308487423911795
China,2015,41,0.02049583818132999,NA,NA,0.02049583818132999
China,2015,42,0.01816372231898482,NA,NA,0.01816372231898482
China,2015,43,0.02032520325203252,NA,NA,0.02032520325203252
China,2015,44,0.015379736800380529,NA,NA,0.015379736800380529
China,2015,45,0.016598192276088743,NA,NA,0.016598192276088743
China,2015,46,0.018267633948081462,NA,NA,0.018267633948081462
China,2015,47,0.021538461538461538,NA,NA,0.021538461538461538
China,2015,48,0.02769911504424779,NA,NA,0.02769911504424779
China,2015,49,0.022756005056890013,NA,NA,0.022756005056890013
China,2015,50,0.043230688544242155,NA,NA,0.043230688544242155
China,2015,51,0.06244770670114855,NA,NA,0.06244770670114855
China,2015,52,0.0833273316528628,NA,NA,0.0833273316528628
China,2015,53,0.10866069377440846,NA,NA,0.10866069377440846
China,2016,1,0.2197062423500612,NA,NA,0.2197062423500612
China,2016,2,0.17559178661573094,NA,NA,0.17559178661573094
China,2016,3,0.20893024501271923,NA,NA,0.20893024501271923
China,2016,4,0.22265569584338205,NA,NA,0.22265569584338205
China,2016,5,0.2339003131082339,NA,NA,0.2339003131082339
China,2016,6,0.2581439238532863,NA,NA,0.2581439238532863
China,2016,7,0.26942550462431647,NA,NA,0.26942550462431647
China,2016,8,0.2814416693012962,NA,NA,0.2814416693012962
China,2016,9,0.29586461214276305,NA,NA,0.29586461214276305
China,2016,10,0.3106736598324365,NA,NA,0.3106736598324365
China,2016,11,0.3122647237401336,NA,NA,0.3122647237401336
China,2016,12,0.3058787319175131,NA,NA,0.3058787319175131
China,2016,13,0.28192958843947014,NA,NA,0.28192958843947014
China,2016,14,0.24597100927343116,NA,NA,0.24597100927343116
China,2016,15,0.216048828650929,NA,NA,0.216048828650929
China,2016,16,0.17552380952380953,NA,NA,0.17552380952380953
China,2016,17,0.1546166815431915,NA,NA,0.1546166815431915
China,2016,18,0.1130157464620291,NA,NA,0.1130157464620291
China,2016,19,0.08786871624428749,NA,NA,0.08786871624428749
China,2016,20,0.07330087998502154,NA,NA,0.07330087998502154
China,2016,21,0.05842125830402501,NA,NA,0.05842125830402501
China,2016,22,0.0427762633675823,NA,NA,0.0427762633675823
China,2016,23,0.04054054054054054,NA,NA,0.04054054054054054
China,2016,24,0.027240773286467488,NA,NA,0.027240773286467488
China,2016,25,0.02634094530005311,NA,NA,0.02634094530005311
China,2016,26,0.033744097662098356,NA,NA,0.033744097662098356
China,2016,27,0.024074074074074074,NA,NA,0.024074074074074074
China,2016,28,0.02410295561129894,NA,NA,0.02410295561129894
China,2016,29,0.02539718057731036,NA,NA,0.02539718057731036
China,2016,30,0.025448761645080663,NA,NA,0.025448761645080663
China,2016,31,0.025429184549356224,NA,NA,0.025429184549356224
China,2016,32,0.02847380410022779,NA,NA,0.02847380410022779
China,2016,33,0.03204446021047653,NA,NA,0.03204446021047653
China,2016,34,0.049665494954076427,NA,NA,0.049665494954076427
China,2016,35,0.048448557430593356,NA,NA,0.048448557430593356
China,2016,36,0.05416763950501985,NA,NA,0.05416763950501985
China,2016,37,0.08360756890168655,NA,NA,0.08360756890168655
China,2016,38,0.08606129613815353,NA,NA,0.08606129613815353
China,2016,39,0.07842938311688312,NA,NA,0.07842938311688312
China,2016,40,0.0770440251572327,NA,NA,0.0770440251572327
China,2016,41,0.07223436816790556,NA,NA,0.07223436816790556
China,2016,42,0.07650436209082097,NA,NA,0.07650436209082097
China,2016,43,0.087029544240018325,NA,NA,0.087029544240018325
China,2016,44,0.09575767445647748,NA,NA,0.09575767445647748
China,2016,45,0.10774511266975079,NA,NA,0.10774511266975079
China,2016,46,0.1175531065325028,NA,NA,0.1175531065325028
China,2016,47,0.11497619919443428,NA,NA,0.11497619919443428
China,2016,48,0.1371946414499606,NA,NA,0.1371946414499606
China,2016,49,0.15178188063546585,NA,NA,0.15178188063546585
China,2016,50,0.1581515937166387,NA,NA,0.1581515937166387
China,2016,51,0.17796289284361985,NA,NA,0.17796289284361985
China,2016,52,0.170551902769476,NA,NA,0.170551902769476
China,2017,1,0.17856188184977279,NA,NA,0.17856188184977279
China,2017,2,0.16728455284552846,NA,NA,0.16728455284552846
China,2017,3,0.15382585751978892,NA,NA,0.15382585751978892
China,2017,4,0.14335915661688364,NA,NA,0.14335915661688364
China,2017,5,0.1365190249702735,NA,NA,0.1365190249702735
China,2017,6,0.12451612903225806,NA,NA,0.12451612903225806
China,2017,7,0.12463671842564145,NA,NA,0.12463671842564145
China,2017,8,0.1263690514314994,NA,NA,0.1263690514314994
China,2017,9,0.13024311183144247,NA,NA,0.13024311183144247
China,2017,10,0.13202771116440182,NA,NA,0.13202771116440182
China,2017,11,0.13077194219245683,NA,NA,0.13077194219245683
China,2017,12,0.12202992079788795,NA,NA,0.12202992079788795
China,2017,13,0.11985335589396504,NA,NA,0.11985335589396504
China,2017,14,0.10759617262253467,NA,NA,0.10759617262253467
China,2017,15,0.10365853658536585,NA,NA,0.10365853658536585
China,2017,16,0.10230518155854754,NA,NA,0.10230518155854754
China,2017,17,0.10488505747126436,NA,NA,0.10488505747126436
China,2017,18,0.09950158586316267,NA,NA,0.09950158586316267
China,2017,19,0.08827034388832142,NA,NA,0.08827034388832142
China,2017,20,0.10018790570550051,NA,NA,0.10018790570550051
China,2017,21,0.09537909376401973,NA,NA,0.09537909376401973
China,2017,22,0.09253379297831807,NA,NA,0.09253379297831807
China,2017,23,0.08550610130805021,NA,NA,0.08550610130805021
China,2017,24,0.09078297060608688,NA,NA,0.09078297060608688
China,2017,25,0.11519585973052557,NA,NA,0.11519585973052557
China,2017,26,0.17576676777890124,NA,NA,0.17576676777890124
China,2017,27,0.216520369119964,NA,NA,0.216520369119964
China,2017,28,0.27676615035889685,NA,NA,0.27676615035889685
China,2017,29,0.2879624105011933,NA,NA,0.2879624105011933
China,2017,30,0.2759378552482001,NA,NA,0.2759378552482001
China,2017,31,0.21746674378253325,NA,NA,0.21746674378253325
China,2017,32,0.19031112614135948,NA,NA,0.19031112614135948
China,2017,33,0.18143640726774082,NA,NA,0.18143640726774082
China,2017,34,0.17328017800852957,NA,NA,0.17328017800852957
China,2017,35,0.1639751552795031,NA,NA,0.1639751552795031
China,2017,36,0.14072372199885125,NA,NA,0.14072372199885125
China,2017,37,0.13573106813663474,NA,NA,0.13573106813663474
China,2017,38,0.09893263969862769,NA,NA,0.09893263969862769
China,2017,39,0.08749213200251776,NA,NA,0.08749213200251776
China,2017,40,0.05779015071517712,NA,NA,0.05779015071517712
China,2017,41,0.06413911060433296,NA,NA,0.06413911060433296
China,2017,42,0.06339394810608782,NA,NA,0.06339394810608782
China,2017,43,0.0657161007976283,NA,NA,0.0657161007976283
China,2017,44,0.061615320566194835,NA,NA,0.061615320566194835
China,2017,45,0.07682715621752685,NA,NA,0.07682715621752685
China,2017,46,0.08641289247013059,NA,NA,0.08641289247013059
China,2017,47,0.11479257265134259,NA,NA,0.11479257265134259
China,2017,48,0.16735033970003846,NA,NA,0.16735033970003846
China,2017,49,0.20782614237460964,NA,NA,0.20782614237460964
China,2017,50,0.26073750075937063,NA,NA,0.26073750075937063
China,2017,51,0.30916476888040867,NA,NA,0.30916476888040867
China,2017,52,0.3349364903193982,NA,NA,0.3349364903193982
China,2018,1,0.36864432096552546,NA,NA,0.36864432096552546
