country,year,week,ili_cases,ili_incidence,flu_positive,flu_proxy_incidence
United States,1997,40,570,0.01216856667093634,NA,NA
United States,1997,41,615,0.012806363617433314,NA,NA
United States,1997,42,681,0.012390604246647624,NA,NA
United States,1997,43,653,0.01144730383563565,NA,NA
United States,1997,44,700,0.01261124923431701,NA,NA
United States,1997,45,655,0.012827542986957033,NA,NA
United States,1997,46,932,0.014457906085661542,NA,NA
United States,1997,47,1100,0.016479647635170565,NA,NA
United States,1997,48,886,0.016751748912837965,NA,NA
United States,1997,49,1098,0.016173936099695082,NA,NA
United States,1997,50,1083,0.017663176436050494,NA,NA
United States,1997,51,1004,0.021039837381336576,NA,NA
United States,1997,52,1519,0.03136550414008136,NA,NA
United States,1997,53,1946,0.03718495022261288,NA,NA
United States,1998,1,2415,0.03592253227821741,NA,NA
United States,1998,2,2613,0.03689218952956458,NA,NA
United States,1998,3,3126,0.0460396477068544,NA,NA
United States,1998,4,3437,0.04910070143859198,NA,NA
United States,1998,5,3354,0.048268716000345394,NA,NA
United States,1998,6,2617,0.03945900304574651,NA,NA
United States,1998,7,1948,0.031080973274830476,NA,NA
United States,1998,8,1289,0.021395256195329226,NA,NA
United States,1998,9,827,0.014395376768960294,0.15791149315504616,0.002273195440115984
United States,1998,10,748,0.014787869202483097,0.1087945413191812,0.0016088394469721944
United States,1998,11,585,0.010855647720313978,0.08791748526522593,9.544012484951877e-4
United States,1998,12,486,0.00997967104047311,0.061898211829436035,6.177237920512929e-4
United States,1998,13,358,0.007442053840557115,0.056827820186598814,4.2291569747016685e-4
United States,1998,14,368,0.008566307409390348,0.036637931034482756,3.1385178008542223e-4
United States,1998,15,262,0.006217370669197911,0.032818532818532815,2.04044983352055e-4
United States,1998,16,265,0.006709540206603201,NA,NA
United States,1998,17,266,0.006940820373656195,NA,NA
United States,1998,18,209,0.005834566315848245,NA,NA
United States,1998,19,186,0.00577639751552795,NA,NA
United States,1998,20,165,0.006052158603235154,NA,NA
United States,1998,21,NA,NA,NA,NA
United States,1998,22,NA,NA,NA,NA
United States,1998,23,NA,NA,NA,NA
United States,1998,24,NA,NA,NA,NA
United States,1998,25,NA,NA,NA,NA
United States,1998,26,NA,NA,NA,NA
United States,1998,27,NA,NA,NA,NA
United States,1998,28,NA,NA,NA,NA
United States,1998,29,NA,NA,NA,NA
United States,1998,30,NA,NA,NA,NA
United States,1998,31,NA,NA,NA,NA
United States,1998,32,NA,NA,NA,NA
United States,1998,33,NA,NA,NA,NA
United States,1998,34,NA,NA,NA,NA
United States,1998,35,NA,NA,NA,NA
United States,1998,36,NA,NA,NA,NA
United States,1998,37,NA,NA,NA,NA
United States,1998,38,NA,NA,NA,NA
United States,1998,39,NA,NA,NA,NA
United States,1998,40,490,0.006972905282331512,0.0014214641080312722,9.911734587535908e-6
United States,1998,41,605,0.007847766305193795,0.0034411562284927736,2.7005389900873347e-5
United States,1998,42,783,0.009029059040590405,0.0018137847642079807,1.6376769722957204e-5
United States,1998,43,1086,0.011379234468811887,0.003309431880860452,3.765880133087221e-5
United States,1998,44,1034,0.01015507606485892,0.008776206728425159,8.912304688808413e-5
United States,1998,45,1022,0.01000901006777138,0.006357856494096276,6.363584965885527e-5
United States,1998,46,1178,0.011389455568554275,0.0039005363237445147,4.442498515282018e-5
United States,1998,47,1208,0.014493796942864685,0.009392265193370166,1.361295845462429e-4
United States,1998,48,1176,0.011390823413178873,0.011804384485666104,1.344616591774909e-4
United States,1998,49,1202,0.011602316602316603,0.01741195092995647,2.0201896735335594e-4
United States,1998,50,1141,0.011712655005337932,0.01729818780889621,2.026077060231438e-4
United States,1998,51,1064,0.014906136172597366,0.036986301369863014,5.513228447399026e-4
United States,1998,52,1423,0.01842882304185661,0.05950598802395209,0.0010966253232242518
United States,1999,1,1780,0.018239013043968317,0.14888597640891219,0.0027155332657861084
United States,1999,2,2407,0.02543537069912926,0.20556488366514752,0.005228619018746408
United States,1999,3,3864,0.03615810750112292,0.2273988897700238,0.008222313501940522
United States,1999,4,4545,0.04079123325046446,0.2674079475027342,0.010907899959611986
United States,1999,5,5670,0.05077596783293184,0.2781967775111416,0.01412571062613102
United States,1999,6,5768,0.05048842827632086,0.2629795100908951,0.013277422133366154
United States,1999,7,4920,0.046933129829247355,0.26005064893953783,0.012204990868859355
United States,1999,8,4486,0.0423423253355483,0.23926812104152007,0.010131168623565391
United States,1999,9,3910,0.040236272330616614,0.21564102564102564,0.008676591033345787
United States,1999,10,2922,0.029934844076547965,0.1640560593569662,0.004910992556663682
United States,1999,11,2070,0.023775886427070052,0.15568862275449102,0.0037016350125977327
United States,1999,12,1696,0.02017150536994969,0.08733087330873308,0.0017615951799095056
United States,1999,13,1091,0.013768820121912743,0.08285862247540135,0.0011408654684132776
United States,1999,14,632,0.008828295245013131,0.06779661016949153,5.985284911873309e-4
United States,1999,15,396,0.006138107416879796,0.030330882352941176,1.8617421393109674e-4
United States,1999,16,271,0.00421770189718768,0.013392857142857142,5.648707898019214e-5
United States,1999,17,399,0.006155127730470196,0.018656716417910446,1.1483447258339918e-4
United States,1999,18,180,0.003022873072918416,0.002652519893899204,8.018230962648317e-6
United States,1999,19,292,0.0052262313860252,NA,NA
United States,1999,20,283,0.005295262330663872,NA,NA
United States,1999,21,NA,NA,NA,NA
United States,1999,22,NA,NA,NA,NA
United States,1999,23,NA,NA,NA,NA
United States,1999,24,NA,NA,NA,NA
United States,1999,25,NA,NA,NA,NA
United States,1999,26,NA,NA,NA,NA
United States,1999,27,NA,NA,NA,NA
United States,1999,28,NA,NA,NA,NA
United States,1999,29,NA,NA,NA,NA
United States,1999,30,NA,NA,NA,NA
United States,1999,31,NA,NA,NA,NA
United States,1999,32,NA,NA,NA,NA
United States,1999,33,NA,NA,NA,NA
United States,1999,34,NA,NA,NA,NA
United States,1999,35,NA,NA,NA,NA
United States,1999,36,NA,NA,NA,NA
United States,1999,37,NA,NA,NA,NA
United States,1999,38,NA,NA,NA,NA
United States,1999,39,NA,NA,0.012544802867383513,NA
United States,1999,40,791,0.009772550376199948,0.01410743353228432,1.378656048731409e-4
United States,1999,41,997,0.010670633816383758,0.023535302954431646,2.511365995843949e-4
United States,1999,42,1067,0.009426877644959227,0.03206412825651302,3.0226461386642807e-4
United States,1999,43,1089,0.010162089527168893,0.041966935142009325,4.2647175209398913e-4
United States,1999,44,1570,0.011943886555900432,0.060181368507831824,7.187994382363822e-4
United States,1999,45,1570,0.012414894710622248,0.0830624774286746,0.0010312119116804323
United States,1999,46,1701,0.012856754141976056,0.10666666666666667,0.001371387108477446
United States,1999,47,1833,0.016913182686363343,0.13534675615212527,0.0022891444128075662
United States,1999,48,2484,0.017373059169114562,0.18871643261887164,0.0032785817500718783
United States,1999,49,3264,0.02337154600199059,0.23101203393174197,0.005399108378049119
United States,1999,50,4208,0.029302192790045055,0.318019093078759,0.009318656776309078
United States,1999,51,5168,0.04419851702344198,0.29155893536121674,0.012886472567899357
United States,1999,52,6846,0.0564697730815867,0.2590584175499137,0.014628970053918564
United States,2000,1,7272,0.051502510676572445,0.21637583892617449,0.011143898954447621
United States,2000,2,5470,0.03903156062022363,0.17116965933881523,0.006681018934825994
United States,2000,3,3857,0.02911778472316589,0.12481698389458272,0.0036343940668373234
United States,2000,4,2901,0.02156700938956665,0.10987449680322046,0.0023696643042289667
United States,2000,5,2478,0.018129540615877616,0.08170466883821932,0.0014812681122093273
United States,2000,6,2223,0.016165979448916814,0.0794044665012407,0.0012836509736112607
United States,2000,7,1668,0.012670150704910062,0.06909992912827782,8.755065157538847e-4
United States,2000,8,1325,0.011410707980606102,0.041245791245791245,4.706436793347635e-4
United States,2000,9,1385,0.012350853412759278,0.03731343283582089,4.608527392820626e-4
United States,2000,10,1088,0.010193278806786775,0.0319693094629156,3.258720846159455e-4
United States,2000,11,934,0.009264586267780268,0.0185799601857996,1.721356439932631e-4
United States,2000,12,917,0.009110055832621351,0.012003000750187547,1.0934800699320452e-4
United States,2000,13,837,0.008237216076841318,0.015539305301645339,1.2800061545365852e-4
United States,2000,14,666,0.007254427815175479,0.022900763358778626,1.661319346986751e-4
United States,2000,15,522,0.005797745321263953,0.02348993288590604,1.36188648486066e-4
United States,2000,16,347,0.004511767000390066,0.014760147601476014,6.659434686922607e-5
United States,2000,17,347,0.00438685208596713,0.0070028011204481795,3.072025270285105e-5
United States,2000,18,324,0.004405166553365058,0.0031746031746031746,1.3984655724968439e-5
United States,2000,19,239,0.003516671080898149,0,0
United States,2000,20,219,0.0036645973126286373,NA,NA
United States,2000,21,NA,NA,NA,NA
United States,2000,22,NA,NA,NA,NA
United States,2000,23,NA,NA,NA,NA
United States,2000,24,NA,NA,NA,NA
United States,2000,25,NA,NA,NA,NA
United States,2000,26,NA,NA,NA,NA
United States,2000,27,NA,NA,NA,NA
United States,2000,28,NA,NA,NA,NA
United States,2000,29,NA,NA,NA,NA
United States,2000,30,NA,NA,NA,NA
United States,2000,31,NA,NA,NA,NA
United States,2000,32,NA,NA,NA,NA
United States,2000,33,NA,NA,NA,NA
United States,2000,34,NA,NA,NA,NA
United States,2000,35,NA,NA,NA,NA
United States,2000,36,NA,NA,NA,NA
United States,2000,37,NA,NA,NA,NA
United States,2000,38,NA,NA,NA,NA
United States,2000,39,NA,NA,0.00081766148814390845,NA
United States,2000,40,1041,0.012286520235580158,0.0031201248049922,3.833547655407226e-5
United States,2000,41,1234,0.010554495924459232,0.002708192281651997,2.8583604399347953e-5
United States,2000,42,1561,0.011598445615103984,0.009992313604919293,1.1589530591572006e-4
United States,2000,43,1781,0.012268797575173079,0.009631728045325779,1.1816972168721945e-4
United States,2000,44,1870,0.012410735618147548,0.02109426499670402,2.617953459332376e-4
United States,2000,45,2229,0.014315992292870906,0.02047952047952048,2.931846573465071e-4
United States,2000,46,2449,0.014942676014228795,0.03559563360227812,5.318940204400378e-4
United States,2000,47,2417,0.018426750426933397,0.03983572895277208,7.34043035487696e-4
United States,2000,48,2854,0.01597617568195431,0.05754334194024345,9.19322540164099e-4
United States,2000,49,3097,0.017347321723641538,0.06887589343729694,0.001194812282460041
United States,2000,50,3394,0.020453792147527645,0.11276794035414725,0.002306532012908523
United States,2000,51,3361,0.02410511292323802,NA,NA
United States,2000,52,4152,0.03383339173233159,0.14001171646162858,0.004737071250162419
United States,2001,1,4796,0.03228803403842788,0.18461538461538463,0.005960867822478994
United States,2001,2,5544,0.031195138419986494,0.2243801652892562,0.006999570314897796
United States,2001,3,6717,0.03804243172524722,0.23635693215339232,0.008991592454234316
United States,2001,4,7908,0.04186807426977059,0.2140835102618542,0.008963264307576506
United States,2001,5,7287,0.03986498315024727,0.18824183976261127,0.007504257770308045
United States,2001,6,6476,0.03606071742786186,0.15396242712157202,0.005551995578938784
United States,2001,7,4832,0.02810151906390304,0.13969413375941567,0.0039256173629556405
United States,2001,8,3923,0.024156106451890987,0.11323493830147592,0.00273531522368376
United States,2001,9,2606,0.0173272428673063,0.07388167388167388,0.0012801657067908838
United States,2001,10,2562,0.01643192488262911,0.06147934678194044,0.001010224008153951
United States,2001,11,1943,0.013580290057662066,0.061533052039381156,8.356366948280104e-4
United States,2001,12,1879,0.013902659188777247,0.046966731898238745,6.529624667918863e-4
United States,2001,13,1590,0.012236981852325026,0.03633789523360075,4.4466616452526047e-4
United States,2001,14,1256,0.011190805007350648,0.024549918166939442,2.7473334715263453e-4
United States,2001,15,950,0.009389671361502348,0.027472527472527472,2.579580044368777e-4
United States,2001,16,997,0.00944307634021595,0.013956734124214934,1.3179450579505863e-4
United States,2001,17,771,0.0074260286638927414,0.006792452830188679,5.044094941512051e-5
United States,2001,18,734,0.007354562032824994,0.005240174672489083,3.853918969165936e-5
United States,2001,19,671,0.007251545411317166,0.009081735620585268,6.585661826625075e-5
United States,2001,20,470,0.006703464407456535,NA,NA
United States,2001,21,NA,NA,NA,NA
United States,2001,22,NA,NA,NA,NA
United States,2001,23,NA,NA,NA,NA
United States,2001,24,NA,NA,NA,NA
United States,2001,25,NA,NA,NA,NA
United States,2001,26,NA,NA,NA,NA
United States,2001,27,NA,NA,NA,NA
United States,2001,28,NA,NA,NA,NA
United States,2001,29,NA,NA,NA,NA
United States,2001,30,NA,NA,NA,NA
United States,2001,31,NA,NA,NA,NA
United States,2001,32,NA,NA,NA,NA
United States,2001,33,NA,NA,NA,NA
United States,2001,34,NA,NA,NA,NA
United States,2001,35,NA,NA,NA,NA
United States,2001,36,NA,NA,NA,NA
United States,2001,37,NA,NA,NA,NA
United States,2001,38,NA,NA,NA,NA
United States,2001,39,NA,NA,0.006932409012131715,NA
United States,2001,40,1368,0.0099740441541019,0.0035335689045936395,3.5243972275978445e-5
United States,2001,41,1747,0.010969208358448865,0.005449591280653951,5.9777702225879375e-5
United States,2001,42,1932,0.011679008614175609,0.010739102969046115,1.2542207608400843e-4
United States,2001,43,2204,0.012625597195330133,0.007629107981220657,9.632204433057026e-5
United States,2001,44,2371,0.013001398294628904,0.00705371676614216,9.170818113411599e-5
United States,2001,45,2327,0.012183756387702104,0.02194656488549618,0.00026739160011178277
United States,2001,46,2508,0.013399296910895744,0.01608187134502924,2.1548576903487307e-4
United States,2001,47,2090,0.01476791758230111,0.030820491461890878,4.5515447775521954e-4
United States,2001,48,2566,0.014104170789086032,0.035607035607035604,5.022077114946978e-4
United States,2001,49,2275,0.012632221882895138,0.04601479046836483,5.812690430913129e-4
United States,2001,50,2169,0.012686362014610665,0.05797598627787307,7.355043500751981e-4
United States,2001,51,2278,0.01534523408555069,0.08393742846241893,0.0012880394882949836
United States,2001,52,2265,0.02127739523348771,0.09742282639478901,0.0020729039819653845
United States,2002,1,2568,0.01941424618594735,0.13846153846153847,0.0026881263949773255
United States,2002,2,2875,0.016739739267643685,0.19740204429301533,0.0033044587523649266
United States,2002,3,3743,0.020683100420514012,0.21372077028885833,0.004420408153834064
United States,2002,4,4797,0.028730056058645967,0.22796164553046705,0.006549350855311499
United States,2002,5,5557,0.02949090117868079,0.22792379363092755,0.006721678074239718
United States,2002,6,5624,0.029285718005196863,0.23864236661384047,0.006988813052745738
United States,2002,7,5924,0.031638200831010134,0.24911660777385158,0.007881601267089098
United States,2002,8,5760,0.031212068666551067,0.22921023001447643,0.007154125438287803
United States,2002,9,5104,0.027351453313898655,0.2118107302533532,0.005793331299907371
United States,2002,10,3631,0.0215301784200134,0.18515102605487666,0.003986334625610044
United States,2002,11,2977,0.019213641233493825,0.15120914164230667,0.0029052781987398317
United States,2002,12,2417,0.01627313552418079,0.13745498199279713,0.002236823550442618
United States,2002,13,2079,0.01461788880842058,0.12406015037593984,0.0018134974837514253
United States,2002,14,1655,0.011936961304049911,0.10863031343924431,0.0012967158479710724
United States,2002,15,1169,0.008954149240927125,0.13093453273363317,0.0011724073468880093
United States,2002,16,1018,0.00817900614630619,0.08571428571428572,7.010576696833878e-4
United States,2002,17,830,0.007058963608065929,0.10225197808886184,7.217929921820305e-4
United States,2002,18,672,0.0061121469825822,0.08761329305135952,5.355053247579571e-4
United States,2002,19,673,0.006306221889055472,0.05998636673483299,3.7828733894811284e-4
United States,2002,20,576,0.005735794945330704,0.04915514592933948,2.819438375584985e-4
United States,2002,21,NA,NA,0.036180904522613064,NA
United States,2002,22,NA,NA,0.027426160337552744,NA
United States,2002,23,NA,NA,0.00823529411764706,NA
United States,2002,24,NA,NA,0.002890173410404624,NA
United States,2002,25,NA,NA,0.005714285714285714,NA
United States,2002,26,NA,NA,0.004081632653061225,NA
United States,2002,27,NA,NA,0.001692047377326565,NA
United States,2002,28,NA,NA,0,NA
United States,2002,29,NA,NA,0.0033277870216306157,NA
United States,2002,30,NA,NA,0,NA
United States,2002,31,NA,NA,0,NA
United States,2002,32,NA,NA,0,NA
United States,2002,33,NA,NA,0,NA
United States,2002,34,NA,NA,0.0017006802721088435,NA
United States,2002,35,NA,NA,0,NA
United States,2002,36,NA,NA,0,NA
United States,2002,37,NA,NA,0.00631578947368421,NA
United States,2002,38,NA,NA,0.005115089514066497,NA
United States,2002,39,NA,NA,0,NA
United States,2002,40,2060,0.011666827132735645,0.001806140878988561,2.107193341252675e-5
United States,2002,41,2267,0.012164953985672506,0,0
United States,2002,42,2176,0.011305716764777705,0.0025497195308516064,2.882640684543015e-5
United States,2002,43,2599,0.012524576891938779,0.0033222591362126247,4.1609890006441125e-5
United States,2002,44,2907,0.013023726748145227,0.0023320895522388058,3.037249708056256e-5
United States,2002,45,3225,0.01405510472687336,0.004299226139294927,6.042607363230164e-5
United States,2002,46,3097,0.013843691889572306,0.009939498703543647,1.3759935758866164e-4
United States,2002,47,2967,0.013256306463287135,0.007058823529411765,9.357392797614449e-5
United States,2002,48,2709,0.014347453049032382,0.01530421799178798,2.1957654908933468e-4
United States,2002,49,3049,0.012543298858802523,0.03581765557163531,4.4927155825667505e-4
United States,2002,50,2957,0.012575700870985302,0.05979962429555417,7.520221873381943e-4
United States,2002,51,3416,0.0158017198710328,0.06919564453811029,0.0010934101912867798
United States,2002,52,2857,0.019800813656115936,0.05524205524205524,0.0010938376418287983
United States,2003,1,3260,0.01904283469534385,0.0851123595505618,0.0016207805934520187
United States,2003,2,3729,0.015901037469138173,0.1154046997389034,0.0018350544546629432
United States,2003,3,4204,0.018155905851867847,0.16060679027209246,0.0029159617633507957
United States,2003,4,5696,0.024180059940738477,0.19764243614931237,0.00477900595292395
United States,2003,5,7079,0.02866351647372747,0.24492979719188768,0.007020549276716401
United States,2003,6,7782,0.03166619871333179,0.23545405111473627,0.007455934770458219
United States,2003,7,7649,0.030155013088592423,0.20930674264007598,0.006311647563842137
United States,2003,8,7228,0.029978018331881715,0.2058590657165479,0.006171246845834716
United States,2003,9,5606,0.023195673671710465,0.1794991809033466,0.004163604424573351
United States,2003,10,4450,0.019470660558567308,0.1634355828220859,0.0031821987563204483
United States,2003,11,3810,0.017298524404086267,0.1396088019559902,0.002415026267660943
United States,2003,12,2987,0.015183709155974869,0.09500609013398295,0.0014425448406407305
United States,2003,13,2439,0.012261642024402629,0.08430560782837787,0.0010337251838412453
United States,2003,14,2028,0.01054333529157937,0.05120732722731058,5.398960203431567e-4
United States,2003,15,2082,0.010710813188396104,0.06666666666666667,7.140542125597402e-4
United States,2003,16,1467,0.008261204998395062,0.042923433874709975,3.54599286474034e-4
United States,2003,17,1445,0.00820505249530126,0.04973474801061008,4.080762182676356e-4
United States,2003,18,1075,0.006308463317019354,0.023919753086419752,1.5089688489783947e-4
United States,2003,19,1005,0.006393495810828864,0.01838235294117647,1.1752749652258942e-4
United States,2003,20,836,0.005866090349018342,0.016605166051660517,9.740740431949277e-5
United States,2003,21,740,0.007730235667725222,0.006031363088057901,4.6623858068306523e-5
United States,2003,22,641,0.007907430023561922,0.018867924528301886,1.4919679289739473e-4
United States,2003,23,563,0.007118472626122139,0.009681881051175657,6.892020523216455e-5
United States,2003,24,620,0.007946374786921805,0.001692047377326565,1.3445642617464983e-5
United States,2003,25,423,0.005866037997503813,0.002347417840375587,1.3770042247661534e-5
United States,2003,26,441,0.0061598200941432825,0,0
United States,2003,27,318,0.0049150682390763385,0.00558659217877095,2.745848178254938e-5
United States,2003,28,441,0.006043413912185496,NA,NA
United States,2003,29,365,0.005244780365841392,NA,NA
United States,2003,30,420,0.005906923758491203,NA,NA
United States,2003,31,361,0.005051353090980326,NA,NA
United States,2003,32,443,0.006342706603287326,NA,NA
United States,2003,33,421,0.0061011840064924714,NA,NA
United States,2003,34,450,0.0064122659522927415,NA,NA
United States,2003,35,463,0.006614285714285714,NA,NA
United States,2003,36,519,0.0079268106423924,NA,NA
United States,2003,37,475,0.006390593047034765,NA,NA
United States,2003,38,461,0.006367315368572257,NA,NA
United States,2003,39,533,0.00747828771063376,NA,NA
United States,2003,40,2442,0.009608725761772853,0.015793251974156496,1.517530271062475e-4
United States,2003,41,2932,0.010432493017132487,0.04683698296836983,4.886264977610714e-4
United States,2003,42,3031,0.010544956094574096,0.11896955503512881,0.0012545287344364498
United States,2003,43,3475,0.011123132274048372,0.18214285714285713,0.002025999092773096
United States,2003,44,4690,0.014127357069702993,0.20082120194102276,0.0028370728269877603
United States,2003,45,5790,0.017270281395223977,0.24770114942528734,0.0042778685524951345
United States,2003,46,8385,0.024069996756219878,0.28728794888742015,0.006915019997821265
United States,2003,47,11141,0.03109622496685507,0.33900051519835134,0.010541636284487704
United States,2003,48,11742,0.043077893871800894,0.35226917057902973,0.01517501394451077
United States,2003,49,18948,0.04830297190229278,0.34788162657015115,0.01680371643354192
United States,2003,50,24962,0.06429047902356357,0.3367397395747486,0.021649159163530635
United States,2003,51,23699,0.06867344543708001,0.31379519639295933,0.0215493972979097
United States,2003,52,16415,0.07064955410942396,0.25164731722623157,0.017778770754866023
United States,2003,53,11332,0.04551150237758643,NA,NA
United States,2004,1,7602,0.02418331217850224,0.2028636746480568,0.004905915573692068
United States,2004,2,5583,0.018090559728333778,0.12608631609957283,0.002280972032324895
United States,2004,3,4961,0.017120238530717043,0.09517502365184484,0.0016294191070862199
United States,2004,4,4436,0.015424951145048785,0.06141394905974768,9.473071638711227e-4
United States,2004,5,4251,0.014378682613666344,0.040947212629501725,5.887669743139154e-4
United States,2004,6,3824,0.013242739695666327,0.029725182277061134,3.9364285130135464e-4
United States,2004,7,3691,0.013072566735258388,0.018983644859813083,2.4816496430835137e-4
United States,2004,8,2916,0.010369769774041436,0.01837270341207349,1.9052070450994765e-4
United States,2004,9,2744,0.010103204380018925,0.01537838931606637,1.55371010295718e-4
United States,2004,10,2708,0.010524924794204296,0.007014809041309431,7.383033760548609e-5
United States,2004,11,2487,0.010200900730920993,0.006118881118881119,6.241809887801307e-5
United States,2004,12,2300,0.009244187214887161,0.005990783410138249,5.537992340715811e-5
United States,2004,13,1858,0.007906450267661852,0.013690815744438107,1.0824575380712176e-4
United States,2004,14,1705,0.008026097763048882,0.009518477043673012,7.63962273078561e-5
United States,2004,15,1749,0.008361299945500961,0.005220417633410673,4.3649477673728915e-5
United States,2004,16,1615,0.00792435795527031,0.009894459102902375,7.840723570518119e-5
United States,2004,17,1331,0.006835877313721059,0.016937191249117856,1.1578056141799959e-4
United States,2004,18,1394,0.007574522652930373,0.008221225710014948,6.227186037536182e-5
United States,2004,19,1327,0.007885854191922793,0.0072874493927125505,5.7467763341947476e-5
United States,2004,20,1262,0.008121709806546279,0.0016666666666666668,1.3536183010910466e-5
United States,2004,21,1070,0.008044628894502586,0.0036900369003690036,2.9684977470489246e-5
United States,2004,22,1061,0.008777009364349294,0.005763688760806916,5.0587950226797084e-5
United States,2004,23,987,0.007414530075046763,0.007518796992481203,5.5748346428923026e-5
United States,2004,24,851,0.006610222153176946,0.003870967741935484,2.5587956721975274e-5
United States,2004,25,887,0.007151092012867129,0.002509410288582183,1.7945023871686646e-5
United States,2004,26,698,0.0056224123209769146,0.004379562043795621,2.4623703595519335e-5
United States,2004,27,710,0.007868082182672488,0.00473186119873817,3.723067278867108e-5
United States,2004,28,836,0.008606578473258866,0.002036659877800407,1.7528673061627017e-5
United States,2004,29,659,0.006899439878553107,0.0030303030303030303,2.090739357137305e-5
United States,2004,30,719,0.0077969115988548625,0.004246284501061571,3.3107904878364594e-5
United States,2004,31,733,0.006281439332265003,0.013289036544850499,8.347427684073093e-5
United States,2004,32,809,0.00902458614073446,0.003703703703703704,3.3424393113831334e-5
United States,2004,33,770,0.008064431667033231,0.0019193857965451055,1.547875559891215e-5
United States,2004,34,799,0.008748877647110352,0.001736111111111111,1.5189023692899916e-5
United States,2004,35,960,0.009932130441979804,0.005457025920873124,5.419989327137683e-5
United States,2004,36,913,0.008761407582983868,0.005641748942172073,4.942966196323762e-5
United States,2004,37,1122,0.009480915643510812,0.004297994269340974,4.074892110391466e-5
United States,2004,38,1089,0.009269426214856618,0.008939974457215836,8.286843359386503e-5
United States,2004,39,1116,0.009716429995559696,0.005242463958060288,5.093803405273759e-5
United States,2004,40,3171,0.008971591375276207,0.01639344262295082,1.4707526844715094e-4
United States,2004,41,3631,0.010224827943545208,0.007029876977152899,7.187928255567808e-5
United States,2004,42,4019,0.010629631784688464,0.006832601268911664,7.262803562012616e-5
United States,2004,43,4369,0.011469569805812754,0.015533165407220823,1.781587249433551e-4
United States,2004,44,4551,0.01204950065132436,0.012195121951219513,1.4694512989419953e-4
United States,2004,45,4969,0.013051655030757673,0.016292541636495295,2.1264463301379268e-4
United States,2004,46,4983,0.012869916473389776,0.020268061457992807,2.60848258041898e-4
United States,2004,47,4713,0.01594675617331989,0.028616852146263912,4.5634596362441657e-4
United States,2004,48,5407,0.01397143181982615,0.01958266452648475,2.7359786228230983e-4
United States,2004,49,5428,0.01449956725683574,0.03549060542797495,5.145984203887424e-4
United States,2004,50,5755,0.016174544555178947,0.05278993435448578,8.53853145281602e-4
United States,2004,51,5689,0.0219111920782317,0.06359851988899168,0.0013935193851789356
United States,2004,52,7279,0.025664893148154025,0.11853049907578558,0.0030420725935774062
United States,2005,1,8041,0.02176449093935662,0.18552364374818683,0.004037827663393838
United States,2005,2,8323,0.022017120606099085,0.16884101941747573,0.0037173930877712805
United States,2005,3,9328,0.025301211355166296,0.21484716157205241,0.005435893443992061
United States,2005,4,12422,0.030652380975881792,0.23498990918264379,0.00720300022175426
United States,2005,5,16192,0.03980608301456344,0.2717492984097287,0.010817275131647035
United States,2005,6,19369,0.045956802646033676,0.26679821372935925,0.012261192854674476
United States,2005,7,19931,0.04751970550228169,0.25699866692058654,0.012212500966545256
United States,2005,8,16630,0.04179620642249103,0.23685032809082388,0.0098994452041188
United States,2005,9,13234,0.03453585110491759,0.20255889035035274,0.0069955436771171105
United States,2005,10,11601,0.031585223745684635,0.16030230708035004,0.005063184236082302
United States,2005,11,9502,0.026732010330450636,0.16985498302992905,0.0045405651610345805
United States,2005,12,7900,0.023516104066202297,0.14690809702767338,0.0034547060978705113
United States,2005,13,6329,0.018924284919775863,0.11192551505546751,0.00211811033670233
United States,2005,14,4816,0.015249047726099746,0.09116809116809117,0.001390226573319635
United States,2005,15,4445,0.014113440948982054,0.05400429579625652,7.621864397118262e-4
United States,2005,16,3825,0.012506825620518388,0.042786421499292786,5.351223126176537e-4
United States,2005,17,3646,0.012070249780676345,0.027753686036426712,3.3499392279413967e-4
United States,2005,18,2990,0.010789549653579677,0.021988089784699953,2.3724158651938822e-4
United States,2005,19,3012,0.011452079586630115,0.017569546120058566,2.0120784046787904e-4
United States,2005,20,2531,0.01061242630841866,0.021714922048997772,2.3044801003804438e-4
United States,2005,21,2056,0.010567977383705988,0.018923713778829097,1.9998537923039127e-4
United States,2005,22,2099,0.012519309797746644,0.015523932729624839,1.9434892312155205e-4
United States,2005,23,1744,0.010141893463596185,0.007832898172323759,7.944041877490483e-5
United States,2005,24,1614,0.0104196928321035,0.010057471264367816,1.0479576124242026e-4
United States,2005,25,1628,0.009540273667555452,0.010156971375807941,9.690028655873498e-5
United States,2005,26,1359,0.00848229889648974,0.006357856494096276,5.392923912391297e-5
United States,2005,27,1198,0.008418715126983457,0.005263157894736842,4.430902698412346e-5
United States,2005,28,1148,0.007308936256907836,0.002317497103128621,1.6938438602335657e-5
United States,2005,29,1068,0.0071343161944969575,0.0035335689045936395,2.5209597860413278e-5
United States,2005,30,990,0.006706771807170149,0.0019801980198019802,1.3280736251822077e-5
United States,2005,31,982,0.006892775921610467,0,0
United States,2005,32,1023,0.0070492899029086075,0.00510204081632653,3.59657648107582e-5
United States,2005,33,928,0.006159033137987563,0.006289308176100629,3.8736057471619894e-5
United States,2005,34,922,0.006094256064511865,0.002570694087403599,1.5666468032164174e-5
United States,2005,35,1033,0.006802586695115045,0.0056022408963585435,3.810972938439801e-5
United States,2005,36,1061,0.007754884261458737,0.001557632398753894,1.2079258974234792e-5
United States,2005,37,1026,0.006834213699068122,0.007518796992481203,5.138506540652723e-5
United States,2005,38,1219,0.007810747947996694,0,0
United States,2005,39,1204,0.008069434670419892,0,0
United States,2005,40,3586,0.010763467841663566,0.00596529284164859,6.420723766719047e-5
United States,2005,41,3582,0.010586889635665581,0.005132991133924405,5.434241063570761e-5
United States,2005,42,4122,0.01115232583622152,0.010074463425317565,1.1235369874423783e-4
United States,2005,43,4248,0.011238124968584572,0.004965622612681436,5.580428746814341e-5
United States,2005,44,5005,0.012548891786179921,0.007320644216691069,9.18659720803801e-5
United States,2005,45,5038,0.013366089715698656,0.012742911755336095,1.703229017610533e-4
United States,2005,46,5276,0.013786363624486212,0.012464942349641633,1.718462277904171e-4
United States,2005,47,4802,0.016082899610821964,0.015510204081632653,2.49449055188259e-4
United States,2005,48,5966,0.014831056221784699,0.027814136125654452,4.12513016639954e-4
United States,2005,49,6371,0.016537399285654956,0.05345080763582966,8.839373480144499e-4
United States,2005,50,7697,0.02006789241503019,0.08362899138367967,0.0016782576018651704
United States,2005,51,8577,0.02568571608254647,0.12989824637367395,0.0033365294759748606
United States,2005,52,8842,0.03052776224114239,0.133224689346099,0.0040670516410077654
United States,2006,1,8339,0.0242503729596273,0.10135271552594387,0.0024578411519751474
United States,2006,2,7882,0.020019506446270915,0.11498005077983316,0.002301843867779427
United States,2006,3,7858,0.020586902244962655,0.11599556704839306,0.0023879893996742794
United States,2006,4,9114,0.022127696767520796,0.1370909090909091,0.0030335060659473965
United States,2006,5,9551,0.023222000967684682,0.14265831593597772,0.0033128115507135418
United States,2006,6,10427,0.024927920131202097,0.16398940864960282,0.004087914881180361
United States,2006,7,11226,0.027948942018269137,0.18371571502501294,0.005134659867078943
United States,2006,8,11901,0.029691113622585304,0.1867952522255193,0.005546159057987374
United States,2006,9,11343,0.028395905462137543,0.22383177570093457,0.006355905942226113
United States,2006,10,11261,0.027779902063572337,0.2371976123154257,0.0065893264398357255
United States,2006,11,9322,0.024728692658055926,0.20618556701030927,0.005098699517124933
United States,2006,12,8064,0.021806145958399584,0.19864864864864865,0.004331761426871268
United States,2006,13,7313,0.020167951352022172,0.2038049940546968,0.004110329205394293
United States,2006,14,5738,0.016410133214361296,0.14880304678998912,0.0024418778205265584
United States,2006,15,4547,0.013582865336360378,0.11851628468033776,0.0016097907349787782
United States,2006,16,3550,0.011427982783985373,0.11182336182336182,0.001277915453764746
United States,2006,17,3177,0.01040312519442416,0.09469480889903023,9.851219522386825e-4
United States,2006,18,2780,0.009643469151305338,0.09090909090909091,8.766790137550308e-4
United States,2006,19,2592,0.009379817469910038,0.09115770282588878,8.550426134831393e-4
United States,2006,20,2428,0.00947449339946228,0.06288532675709001,5.958066132830779e-4
United States,2006,21,2061,0.008919182083739046,NA,NA
United States,2006,22,1645,0.008646426844395854,NA,NA
United States,2006,23,2075,0.009703199016119001,NA,NA
United States,2006,24,1430,0.008443901200451128,NA,NA
United States,2006,25,1300,0.007748703582285271,NA,NA
United States,2006,26,1271,0.00821372486929773,NA,NA
United States,2006,27,1215,0.00872744512125043,NA,NA
United States,2006,28,1617,0.009226345009386109,NA,NA
United States,2006,29,1553,0.008994868349415595,NA,NA
United States,2006,30,1455,0.008430823787091278,NA,NA
United States,2006,31,1428,0.00881824413197725,NA,NA
United States,2006,32,1373,0.008171451697376566,NA,NA
United States,2006,33,1457,0.008715000927127759,NA,NA
United States,2006,34,1138,0.007386205061302906,NA,NA
United States,2006,35,1224,0.007979659690983767,NA,NA
United States,2006,36,1463,0.010139373063781716,NA,NA
United States,2006,37,1406,0.008809358220083583,NA,NA
United States,2006,38,1487,0.009433663014585064,NA,NA
United States,2006,39,1433,0.008915461762436851,NA,NA
United States,2006,40,4513,0.012032228135097953,0.024252923343438718,2.918167066112972e-4
United States,2006,41,4072,0.010578821573313935,0.026778577138289367,2.832857895331869e-4
United States,2006,42,4737,0.011305354351380055,0.027586206896551724,3.1187184417600153e-4
United States,2006,43,4888,0.011255229836490615,0.025949953660797033,2.920726926985516e-4
United States,2006,44,5380,0.012080820238293056,0.03798140770252324,4.5884655885150257e-4
United States,2006,45,6139,0.013495244020127457,0.036367902393242606,4.907937172969863e-4
United States,2006,46,6668,0.014689004174514533,0.029392265193370164,4.3174310612385255e-4
United States,2006,47,6156,0.018276715891479774,0.03547818422212429,6.484246933733459e-4
United States,2006,48,7530,0.01665601242233277,0.03704360155973059,6.169986877468183e-4
United States,2006,49,8122,0.0185968342793555,0.04547803617571059,8.457475021102243e-4
United States,2006,50,10396,0.02388913017002277,0.08091534549805564,0.0019329972213554172
United States,2006,51,10192,0.02789775931065819,0.10292249047013977,0.0028713068667894706
United States,2006,52,8913,0.031154858487103573,0.10388077320348237,0.003236390788685394
United States,2007,1,8386,0.022694244711396645,0.0697362539114886,0.001582611611523414
United States,2007,2,7761,0.018635464289830574,0.09237947122861587,0.0017215343371943018
United States,2007,3,7909,0.019998634560290485,0.11580645161290322,0.002315970905530414
United States,2007,4,10888,0.024406044127239592,0.18194444444444444,0.004440544139817203
United States,2007,5,12120,0.028301820703762602,0.2238227817455514,0.006334592238379985
United States,2007,6,14197,0.03123425581860943,0.2817716447807701,0.008800927635512918
United States,2007,7,14031,0.03270194869213181,0.2579754601226994,0.008436300260761613
United States,2007,8,14048,0.03177568825082165,0.23796119432994872,0.00756138072682164
United States,2007,9,11801,0.027236366238076445,0.22573546444290016,0.006148213782489112
United States,2007,10,10715,0.025020139869937303,0.20247196738022427,0.005065876943594594
United States,2007,11,9597,0.024271991987738814,0.19529445727482678,0.004740185502224396
United States,2007,12,7562,0.01960413237066898,0.16873065015479877,0.003307818000623714
United States,2007,13,6148,0.015913979607948707,0.13763943864699532,0.0021903912198777908
United States,2007,14,4958,0.013697835366274813,0.11025968497232864,0.0015103190122882828
United States,2007,15,4869,0.01363166780053922,0.12004662004662005,0.0016364356450530766
United States,2007,16,4179,0.011736950751990563,0.09670728545501685,0.001135048646744226
United States,2007,17,3695,0.010635756290063986,0.09614126880313931,0.0010225351044077214
United States,2007,18,3077,0.009697111036175866,0.06753160345974717,6.548614572001665e-4
United States,2007,19,2860,0.00965361740621477,0.04862987263604786,4.6945418494135895e-4
United States,2007,20,2442,0.00856748915030295,0.038818565400843885,3.325776379020555e-4
United States,2007,21,2243,0.0086334645866291,0.04221105527638191,3.6442765089288664e-4
United States,2007,22,2058,0.00935369511862558,0.01733102253032929,1.6210910084273102e-4
United States,2007,23,1679,0.007455694347615643,0.011689070718877849,8.71501384876171e-5
United States,2007,24,1614,0.007404281087429237,0.017004578155657292,1.2590667643764563e-4
United States,2007,25,1456,0.006728965051899916,0.006153846153846154,4.1409015703999485e-5
United States,2007,26,1455,0.006662820090119793,0.011737089201877934,7.82021137338004e-5
United States,2007,27,1169,0.006627472546162699,0.016057091882247992,1.064179356208105e-4
United States,2007,28,1086,0.005456189710610932,0.019246861924686193,1.0501452999502213e-4
United States,2007,29,1211,0.0058623060017233535,0.01386481802426343,8.127980591644163e-5
United States,2007,30,1356,0.006606867048981441,0.03175965665236052,2.0983182902344492e-4
United States,2007,31,1037,0.005340928404777479,0.01972062448644207,1.0532644347958873e-4
United States,2007,32,1172,0.005855491271720775,0.029386343993085567,1.7207148075929678e-4
United States,2007,33,1283,0.006180749590519318,0.016964285714285713,1.0485200198202413e-4
United States,2007,34,1448,0.006874646890978925,0.019658119658119658,1.3514263119018398e-4
United States,2007,35,1526,0.007156960683616376,0.024916943521594685,1.7832958513994292e-4
United States,2007,36,1554,0.008293130683516201,0.021957913998170174,1.8209985032423498e-4
United States,2007,37,1694,0.008009115451351951,0.024429967426710098,1.9566242959328872e-4
United States,2007,38,1913,0.00918483949336944,0.031446540880503145,2.8883143060910184e-4
United States,2007,39,2228,0.008142590352419205,0.019011406844106463,1.5480209795473772e-4
United States,2007,40,5641,0.010719708414809579,0.018803418803418803,2.015671667741972e-4
United States,2007,41,6444,0.012178573723460952,0.017214397496087636,2.096468090110649e-4
United States,2007,42,6941,0.012457553502329622,0.016232668244842745,2.0221933314569558e-4
United States,2007,43,7434,0.013598448818321505,0.01597444089456869,2.172276169060943e-4
United States,2007,44,7915,0.014467084868690413,0.020945372204924994,3.0301847729495915e-4
United States,2007,45,8687,0.01532863845623124,0.02256437483408548,3.458811438225791e-4
United States,2007,46,9104,0.016665324263569866,0.021188504627374573,3.5311330027534783e-4
United States,2007,47,8570,0.01974877347903335,0.03474807644576818,6.8623189055961e-4
United States,2007,48,9171,0.01673054715876233,0.026701119724375538,4.46724342740424e-4
United States,2007,49,8436,0.01634050861673217,0.03667281294816636,5.992524159793194e-4
United States,2007,50,8091,0.017459474856284633,0.04218266253869969,7.36487135965567e-4
United States,2007,51,8750,0.01936431919479841,0.05354088265480671,0.0010367827416989227
United States,2007,52,8902,0.024890534215397348,0.07255469755469755,0.0018059251819730058
United States,2008,1,9706,0.022540483926029312,0.08512202293443105,0.0019186915897046416
United States,2008,2,11115,0.020914715379230925,0.1371219313712193,0.002867866166879488
United States,2008,3,12197,0.023593427807631448,0.1712161988978598,0.0040395770281937225
United States,2008,4,17171,0.03323314295225506,0.22804232804232805,0.007578563286995731
United States,2008,5,24812,0.044338100352210204,0.28541526500710174,0.012654770661937546
United States,2008,6,31896,0.05345471365461578,0.3168853776111409,0.01693901712153833
United States,2008,7,31625,0.05422575058726702,0.3167913438418381,0.017178248399372664
United States,2008,8,30245,0.05303032959634179,0.30244357613576717,0.016038682526776024
United States,2008,9,25027,0.04244555023014589,0.27591213230652695,0.011711242270923346
United States,2008,10,20254,0.0362800012180508,0.23691773040165742,0.008595375547549963
United States,2008,11,16714,0.03034627507371418,0.22092922275293095,0.006704378965482316
United States,2008,12,13040,0.02535953559378069,0.20433273740666738,0.005181783327239025
United States,2008,13,10376,0.020573014771488055,0.1793803696953918,0.003690394995458284
United States,2008,14,8583,0.017415035000507253,0.14535844070036338,0.0025314223324159864
United States,2008,15,7045,0.01406521708749184,0.11717093852380035,0.0016480346866824126
United States,2008,16,6079,0.012686070365014075,0.08636137381781982,0.0010955864650721465
United States,2008,17,4953,0.01077188739647853,0.053206787460454416,5.731375232523808e-4
United States,2008,18,4224,0.009934452370368803,0.04664179104477612,4.633606516030226e-4
United States,2008,19,4011,0.009112119277664062,0.025610244097639057,2.3336359894777912e-4
United States,2008,20,3904,0.009721091331943895,0.015651438240270727,1.5214906060995097e-4
United States,2008,21,3646,0.009932575086835116,0.014029995162070633,1.3935398041519997e-4
United States,2008,22,3803,0.010913202306034545,0.010068892421833599,1.0988385999716818e-4
United States,2008,23,2933,0.008884459617056466,0.009274413529732678,8.239815247679209e-5
United States,2008,24,2906,0.00887691452380516,0.007412398921832884,6.579923164545604e-5
United States,2008,25,2842,0.008831874302726321,0.0048375950241879755,4.27250311811225e-5
United States,2008,26,2534,0.008267563678837452,0.004597701149425287,3.801178702913771e-5
United States,2008,27,2405,0.007832013885948943,0.0035714285714285713,2.7971478164103368e-5
United States,2008,28,2431,0.00780610295321797,0.005029337803855826,3.9259528683409745e-5
United States,2008,29,2319,0.0076907260257617766,0.0036463081130355514,2.804275670286883e-5
United States,2008,30,2166,0.007212979366749697,0.008604206500956023,6.20619639586494e-5
United States,2008,31,2289,0.007525273280184105,0.0067178502879078695,5.0553659271870184e-5
United States,2008,32,2220,0.007527209846404231,0.007063572149344097,5.316898983332958e-5
United States,2008,33,2368,0.007927660101573145,0.0010741138560687433,8.515209561303056e-6
United States,2008,34,2237,0.007438961937255998,0.00663716814159292,4.937364117647786e-5
United States,2008,35,2429,0.00814166292375864,0.004721435316336166,3.844033486193881e-5
United States,2008,36,2461,0.008384008721276849,0.005429864253393665,4.5524029255801896e-5
United States,2008,37,2788,0.008511235869303075,0.00909090909090909,7.737487153911885e-5
United States,2008,38,3735,0.011097575469455669,0.008651766402307137,9.601363059370441e-5
United States,2008,39,3400,0.010311435685452687,0.00849514563106796,8.759714781331166e-5
United States,2008,40,5687,0.01022843566265407,0.006523407521105142,6.672425413089762e-5
United States,2008,41,5959,0.010301739488214976,0.008355488036460312,8.607606104851101e-5
United States,2008,42,5896,0.010124478192705087,0.013474144209759651,1.364186792170751e-4
United States,2008,43,6485,0.010835910726131338,0.01876172607879925,2.0330038885799887e-4
United States,2008,44,6987,0.011657765252951983,0.012349397590361445,1.439663781238046e-4
United States,2008,45,7297,0.011912963694602352,0.01734251466462637,2.0660074757280285e-4
United States,2008,46,7667,0.012807470328330284,0.014954172696575013,1.9152512309611135e-4
United States,2008,47,7733,0.012705250671161891,0.018061674008810574,2.2947809582274782e-4
United States,2008,48,7634,0.015957824852733983,0.024158757549611734,3.8552122163636887e-4
United States,2008,49,8708,0.014584994271855717,0.022404779686333084,3.2677358338735734e-4
United States,2008,50,8689,0.014992071749374109,0.03161713890808569,4.740064150199485e-4
United States,2008,51,7812,0.016298156964687328,0.04226514776291894,6.888440123757563e-4
United States,2008,52,8706,0.021556121185710465,0.04922813036020583,0.0010611675437905495
United States,2008,53,8603,0.020205270327399126,NA,NA
United States,2009,1,8956,0.015456622738286725,0.05398457583547558,8.344192223753759e-4
United States,2009,2,9289,0.01642236723234759,0.08137535816618911,0.001336376015468973
United States,2009,3,11456,0.01965237797890663,0.10563781321184511,0.0020760342341043167
United States,2009,4,14324,0.023436784166917548,0.15755748209574066,0.00369264070176085
United States,2009,5,18268,0.028605744010848512,0.20566554338668913,0.005883215885971687
United States,2009,6,21667,0.033421049384239496,0.23804255319148937,0.007955631925763222
United States,2009,7,20022,0.032056588155617426,0.2512582573136206,0.008054482475400885
United States,2009,8,20450,0.031004907720601056,0.24625031776968054,0.007634968378617632
United States,2009,9,18441,0.029581850177016276,0.24326128682299925,0.007196118940666147
United States,2009,10,15711,0.024638058437566647,0.24065335753176043,0.005929231486064133
United States,2009,11,13277,0.021927224142572373,0.2221303853703895,0.00487070274889251
United States,2009,12,11400,0.018739459054281968,0.20421728168691267,0.0038269213883486666
United States,2009,13,9669,0.016481690136043406,0.1674074074074074,0.0027591570153672664
United States,2009,14,8460,0.014987775927435072,0.13693230505569837,0.002052310705401992
United States,2009,15,7222,0.012923267428606194,0.10694256430090891,0.0013820473579615597
United States,2009,16,7348,0.012716410884749306,0.07192870782940802,9.146750031678368e-4
United States,2009,17,18627,0.029815889642631904,0.06719085060757685,0.002003354986710078
United States,2009,18,14578,0.02437022412648845,0.12122325541957547,0.00295423790391761
United States,2009,19,12554,0.022813011084862802,0.14622767658158262,0.003335893606769377
United States,2009,20,20774,0.03815719869515385,0.17920515313563443,0.006837966635391875
United States,2009,21,22394,0.042131523199241426,0.25773195876288657,0.01085863999980449
United States,2009,22,17105,0.031783223734942224,0.31871097062678283,0.010129662086211638
United States,2009,23,12392,0.025097162392331514,0.3833231052470083,0.009620322221116952
United States,2009,24,10780,0.020663176800504505,0.4081601927130382,0.008433886224957499
United States,2009,25,8801,0.017180460227849484,0.42774608218386656,0.007348874552578356
United States,2009,26,7422,0.015596467154327694,0.35611390284757116,0.005554118788961587
United States,2009,27,6290,0.013085628692685362,0.31046622264509993,0.004062645711154361
United States,2009,28,5964,0.011869459824147305,0.3169116931165417,0.0037615706092492917
United States,2009,29,5735,0.011379623033865045,0.27741596638655464,0.0031568891210543683
United States,2009,30,5587,0.011500522844603997,0.27622251591974045,0.0031767033545289664
United States,2009,31,5526,0.011126189431126754,0.3065190373969043,0.0034103888743245827
United States,2009,32,5877,0.011614188400040314,0.22973657548125634,0.0026682038700193934
United States,2009,33,8941,0.016410713859628837,0.21507260891337004,0.0035294950439211745
United States,2009,34,14556,0.024716597952848963,0.2302134646962233,0.00569009365022894
United States,2009,35,21350,0.03719693643592371,0.1961232513486331,0.0072951841140217934
United States,2009,36,22561,0.03949747987135877,0.207020702070207,0.008176796012972562
United States,2009,37,26091,0.04087563567088933,0.22408265051656573,0.00915952078268236
United States,2009,38,24454,0.04018972363196508,0.2316031186585496,0.009308065331188324
United States,2009,39,27919,0.046036164087208016,0.23643450610319008,0.010884537718844444
United States,2009,40,48420,0.056608670643225084,0.2790313168644233,0.015795591915523516
United States,2009,41,58196,0.0681522217746091,0.3333333333333333,0.02271740725820303
United States,2009,42,69068,0.07618892134454672,0.3739624591010849,0.028491796382265826
United States,2009,43,66411,0.07388358587544222,0.3800602523065336,0.028080214289132013
United States,2009,44,57017,0.06339272312866553,0.3490282937982281,0.022125853992821604
United States,2009,45,42729,0.049434949811881325,0.3049354410522505,0.015074468224281901
United States,2009,46,32520,0.038099611974431555,0.26689686924493555,0.01016866715542264
United States,2009,47,22508,0.03441058796730168,0.18980107704143312,0.0065311666578228384
United States,2009,48,21730,0.026677306488245043,0.14145010985680734,0.0037735079334459804
United States,2009,49,19325,0.02471825031881107,0.10194174757281553,0.002519821634441905
United States,2009,50,17081,0.023449995263597936,0.07163912460920054,0.0016799371327740548
United States,2009,51,14575,0.027143498317382456,0.06311467583309463,0.0017131530972777432
United States,2009,52,15613,0.026766718269703876,0.04646201256370748,0.0012436356005362
United States,2010,1,14299,0.019828382362321775,0.038125,7.559570775635177e-4
United States,2010,2,14088,0.018274862335337497,0.04563263424752247,8.339301088722804e-4
United States,2010,3,14757,0.019260562507096925,0.05182007883143983,9.980838674556371e-4
United States,2010,4,15122,0.019249471727895314,0.04662491301322199,8.975049448635951e-4
United States,2010,5,16037,0.020887684250422978,0.04761343547436653,9.945344062664565e-4
United States,2010,6,15381,0.020343408264865064,0.04365175332527207,8.880254393731908e-4
United States,2010,7,15065,0.019764946051471513,0.04490133522391587,8.874724683397348e-4
United States,2010,8,16087,0.019936177463828732,0.05230693313594868,0.0010428003015868965
United States,2010,9,14486,0.018538259635454326,0.0583989501312336,0.0010826148999707578
United States,2010,10,14354,0.018673035844839744,0.06312292358803986,0.0011786966147905487
United States,2010,11,12601,0.01699867663663356,0.054,9.179285383782122e-4
United States,2010,12,11191,0.014974082032974826,0.04357838795394154,6.525463560871226e-4
United States,2010,13,10359,0.014511187720893225,0.044843897824030275,6.507382194610586e-4
United States,2010,14,8813,0.012071478273256738,0.027808189183271294,3.3568595154447246e-4
United States,2010,15,8801,0.01174150805202498,0.019784623090408213,2.3230131132230737e-4
United States,2010,16,8362,0.011620667611662359,0.013626834381551363,1.58352912947181e-4
United States,2010,17,8440,0.01172134312148811,0.009856153436334577,1.155273562853117e-4
United States,2010,18,7914,0.011216765336595087,0.009866327180140038,1.1066827671370072e-4
United States,2010,19,7697,0.01149811626288067,0.009138840070298769,1.050794456361678e-4
United States,2010,20,7603,0.011332757975635242,0.0061622731941116055,6.983555068861156e-5
United States,2010,21,6853,0.010817133151916557,0.002950940612320177,3.192071752686553e-5
United States,2010,22,6595,0.011995860109536117,0.0036429872495446266,4.370076542636108e-5
United States,2010,23,5755,0.009528082595479501,0.0036529680365296802,3.480578117070137e-5
United States,2010,24,5316,0.009160321128187631,0.005296100144439095,4.851397805010301e-5
United States,2010,25,5334,0.009265821729342117,0.005569620253164557,5.160710836595609e-5
United States,2010,26,4718,0.008696197118716546,0.003791982665222102,3.2975828727527536e-05
United States,2010,27,4691,0.009031331461993709,0.0024645717806531116,2.2258364662954306e-5
United States,2010,28,4234,0.007737756927704788,0.006119951040391677,4.7354693560004825e-5
United States,2010,29,3950,0.0074277440342992536,0.007551919446192574,5.6093724613965415e-5
United States,2010,30,3850,0.007309344759959219,0.013636363636363636,9.967288309035299e-5
United States,2010,31,4077,0.007868818287620073,0.012187299550994226,9.589964558356727e-5
United States,2010,32,4008,0.007630506796634048,0.01880141010575793,1.4346428759828998e-4
United States,2010,33,4518,0.008410432063143394,0.011563876651982379,9.725719896806787e-5
United States,2010,34,4420,0.007915727942519638,0.022488755622188907,1.7801487127105633e-4
United States,2010,35,5007,0.009127317604038114,0.014899211218229623,1.359898328384294e-4
United States,2010,36,5493,0.010339764705882352,0.019190654985398414,1.9842685710078772e-4
United States,2010,37,5510,0.009340091197260692,0.02311303719754424,2.158778752707419e-4
United States,2010,38,6741,0.01081888755322376,0.023344947735191638,2.52566364482924e-4
United States,2010,39,6387,0.010656260114854696,0.020241593209271956,2.156996823770784e-4
United States,2010,40,8473,0.011350529481503313,0.020676691729323307,2.346913990536399e-4
United States,2010,41,9347,0.012525628827573269,0.03121951219512195,3.910440219339947e-4
United States,2010,42,9684,0.012456955712460943,0.03326256192498231,4.1435026078249425e-4
United States,2010,43,9904,0.01267737963273488,0.03861181337623535,4.894966164788462e-4
United States,2010,44,11020,0.014372294598130036,0.05217574989438107,7.498852483603969e-4
United States,2010,45,11807,0.015334124693824011,0.06338915901314604,9.720172685442196e-4
United States,2010,46,13336,0.016944543973734433,0.08515435310440514,0.0014429016807325022
United States,2010,47,12079,0.019915024392978382,0.10407079646017699,0.002072572450101113
United States,2010,48,13997,0.018130453254854823,0.09843219654113464,0.001784620338161724
United States,2010,49,14958,0.02014257897189088,0.1329443305472323,0.0026778416769127917
United States,2010,50,18022,0.025565912872753477,0.19011105235325224,0.004860362600610722
United States,2010,51,19899,0.03381848587539896,0.24975,0.00844616684738089
United States,2010,52,20346,0.0343172311428957,0.2613336267605634,0.008968246474953485
United States,2011,1,20026,0.026915111089009642,0.25166508087535683,0.006773593608984825
United States,2011,2,20721,0.029106289014872708,0.29528826455955515,0.008594745570970607
United States,2011,3,26257,0.034923189465983905,0.33510303248447765,0.011702866694081172
United States,2011,4,31975,0.0400369629756698,0.3433366849717689,0.013746158144403916
United States,2011,5,34284,0.044353367642378655,0.3549062049062049,0.015741285384766275
United States,2011,6,34456,0.0424214816000394,0.3466939331970007,0.014707270307961854
United States,2011,7,36567,0.043971861471861474,0.34994820547193956,0.015387874013338642
United States,2011,8,31277,0.039025564945492475,0.3179178763998341,0.012406924732774775
United States,2011,9,24627,0.03150727519065951,0.2759421187030875,0.00869418427067181
United States,2011,10,20377,0.027242233550313973,0.2344203217016788,0.00638613315273687
United States,2011,11,17309,0.023333562503454402,0.2021982579842389,0.004718005690764837
United States,2011,12,14031,0.019250003086915185,0.16185247075674386,0.003115660561692169
United States,2011,13,12957,0.017524260355029585,0.12666762300961124,0.0022197564041731635
United States,2011,14,11498,0.015770365483500644,0.09831197249140357,0.0015504157375932956
United States,2011,15,9391,0.013576557704345914,0.07371975239167136,0.001000860472295619
United States,2011,16,8695,0.013122309888743336,0.043833749716102655,5.752000473603142e-4
United States,2011,17,7830,0.011493746697199225,0.03337783711615487,3.8363640511345875e-4
United States,2011,18,7307,0.011145056564174447,0.01904761904761905,2.122867916985609e-4
United States,2011,19,7236,0.01109844888593721,0.012628780325689598,1.4015987293639548e-4
United States,2011,20,6530,0.010524025560650137,0.007183364839319471,7.559791518047357e-5
United States,2011,21,6072,0.010353647307574258,0.006739679865206402,6.97802682903067e-5
United States,2011,22,5946,0.011177658218567772,0.0057553956834532375,6.433184586226056e-5
United States,2011,23,5547,0.009829494508454393,0.0026164311878597592,2.5718195992816306e-5
United States,2011,24,4989,0.00925194441044585,0.005005561735261402,4.6311178917693355e-5
United States,2011,25,4448,0.008355311107604686,0.0011757789535567313,9.823998950740372e-6
United States,2011,26,4218,0.00832392665156335,0.0029542097488921715,2.459062526311182e-5
United States,2011,27,4009,0.008555910065839318,0.0037965072133637054,3.248257428185011e-5
United States,2011,28,3721,0.007069494211032287,0.004694835680751174,3.319011366681825e-5
United States,2011,29,3597,0.006943867987359342,0.006074411541381929,4.2179911844248095e-5
United States,2011,30,3538,0.006879761677899592,0.0026200873362445414,1.802557644864522e-5
United States,2011,31,3202,0.006447429887723707,0.008136696501220505,5.2460780209306e-5
United States,2011,32,3523,0.006753298534900349,0.00870942201108472,5.881732690728729e-5
United States,2011,33,3874,0.0072822971004276515,0.010668563300142247,7.769164758635474e-5
United States,2011,34,4444,0.008065262565675448,0.010540184453227932,8.500935510593358e-5
United States,2011,35,4717,0.008604084432024633,0.008567931456548347,7.371920565994177e-5
United States,2011,36,4813,0.009360753683620918,0.007361268403171008,6.890702032110528e-5
United States,2011,37,5567,0.009666826999046687,0.009994739610731194,9.661741871745768e-5
United States,2011,38,5822,0.00996007075721857,0.009315323707498836,9.278128325308404e-5
United States,2011,39,6708,0.011084635188594129,0.012081784386617101,1.3392217235290305e-4
United States,2011,40,9365,0.012034459805032757,0.010322177040975915,1.242218247000566e-4
United States,2011,41,9803,0.012377728422309962,0.005724615848147032,7.085774029041557e-5
United States,2011,42,9958,0.012525864942546809,0.00815613166326828,1.0216260366772814e-4
United States,2011,43,10298,0.01305461183509964,0.011599676288103588,1.5142927135400176e-4
United States,2011,44,11396,0.014529524411793955,0.009410599306587419,1.3673153235467316e-4
United States,2011,45,11496,0.014408922100824853,0.011515863689776733,1.659311828297104e-4
United States,2011,46,11721,0.01462211543499577,0.009549189429269377,1.396293501454182e-4
United States,2011,47,10377,0.01655734278342702,0.018422991893883568,3.0503579188332757e-4
United States,2011,48,11479,0.014660580548261522,0.015746333045729078,2.3085038395666334e-4
United States,2011,49,11187,0.015181061330836404,0.02271266338118706,3.448023357764429e-4
United States,2011,50,12137,0.01664294392382394,0.02654867256637168,4.418480687740869e-4
United States,2011,51,11958,0.018527355660774934,0.03854647661112227,7.141642816440048e-4
United States,2011,52,12356,0.021241299164341573,0.03282686175201651,6.972851911010646e-4
United States,2012,1,11992,0.017670869736277888,0.03184598776538323,5.627463014251864e-4
United States,2012,2,11543,0.015434005353699857,0.043404094010614104,6.6989901933231e-4
United States,2012,3,11939,0.01647615380687613,0.05932686822589846,9.774786057701753e-4
United States,2012,4,13209,0.01684297234024105,0.08069264069264069,0.0013591039152471565
United States,2012,5,14448,0.018635415027512002,0.11224837939269874,0.002091795136148567
United States,2012,6,14624,0.018640792539604035,0.13042055310096548,0.0024311424732555093
United States,2012,7,15929,0.020183909385917007,0.153576129881527,0.003099766689368562
United States,2012,8,16137,0.021038509977549535,0.1949367088607595,0.004101177894357757
United States,2012,9,16518,0.020955493363713173,0.2401295304521111,0.0050320327818207744
United States,2012,10,15763,0.02103983192694054,0.28600075197393154,0.006017407752510128
United States,2012,11,17150,0.022940995492060943,0.3189873417721519,0.0073178871696194395
United States,2012,12,14524,0.019222344718421238,0.2852450400735777,0.005483078489514191
United States,2012,13,13017,0.017423860127242233,0.2218274833025437,0.0038650910414416836
United States,2012,14,11930,0.016760137565186118,0.23136,0.0038776254270814605
United States,2012,15,10732,0.014963706180406636,0.21189591078066913,0.003170748149751592
United States,2012,16,10123,0.01382017256443862,0.21213788045471213,0.002931782115338372
United States,2012,17,9370,0.012892626573395783,0.18301075268817205,0.0023594892933246907
United States,2012,18,8999,0.013580341930645033,0.17167381974248927,0.002331389172642924
United States,2012,19,8576,0.013083302313376823,0.16247684572638263,0.002125733691562151
United States,2012,20,8062,0.012669188351638336,0.14309764309764308,0.0018129309930795597
United States,2012,21,7878,0.012773098343777614,0.12161383285302593,0.001553385446995433
United States,2012,22,7153,0.01299095191913028,0.1230514096185738,0.0015985549459360975
United States,2012,23,6765,0.011629706034038165,0.10180843938379103,0.0011840022218176833
United States,2012,24,6133,0.010861210972780562,0.11123348017621146,0.001208130295430437
United States,2012,25,6048,0.010567957839998882,0.07341015791720017,7.757954538966316e-4
United States,2012,26,5786,0.010787128528282189,0.07939508506616257,8.564449871225933e-4
United States,2012,27,5291,0.010466181238415691,0.050082553659878924,5.24173083486972e-4
United States,2012,28,5185,0.00928151912601564,0.051362683438155136,4.7672372869472367e-4
United States,2012,29,4931,0.009019357505674824,0.03931712364200724,3.546151942220831e-4
United States,2012,30,5103,0.00915356025600551,0.04774260508562533,4.370148124299465e-4
United States,2012,31,5159,0.009525480059084195,0.05415162454873646,5.158202198060033e-4
United States,2012,32,5026,0.009166614991227335,0.047214353163361665,4.3279579750837274e-4
United States,2012,33,5051,0.009017871489528843,0.05008944543828265,4.5170018194419964e-4
United States,2012,34,6141,0.010331513555800436,0.039297658862876256,4.0600429525302717e-4
United States,2012,35,6318,0.010523790963331635,0.030687397708674305,3.2294775869471054e-4
United States,2012,36,6296,0.011271337397173214,0.03156274056966898,3.557542981401861e-4
United States,2012,37,7382,0.011865992406536423,0.026125816431763493,3.100087393938701e-4
United States,2012,38,7656,0.012141530663867053,0.03073967339097022,3.7322668707372305e-4
United States,2012,39,7807,0.012519805251037571,0.03594507269789984,4.500253099120936e-4
United States,2012,40,9395,0.012055923057674663,0.03751438434982739,4.5227053127755353e-4
United States,2012,41,10158,0.013192910271845644,0.0417726887192536,5.511033340868516e-4
United States,2012,42,10585,0.0132736593415964,0.059892194050708725,7.949885810498942e-4
United States,2012,43,10913,0.013668792617123504,0.06900061062487278,9.431550370862747e-4
United States,2012,44,11061,0.015053464909952761,0.07943289959215381,0.0011957403667062884
United States,2012,45,12674,0.016127328785513144,0.10091294424519073,0.0016274562305563474
United States,2012,46,13623,0.01752077722646212,0.13338570306362924,0.002337021188572874
United States,2012,47,14650,0.023336497964229052,0.19226985242445538,0.004486905019685923
United States,2012,48,18521,0.022268043716109794,0.22940117064385412,0.005108315296424106
United States,2012,49,24877,0.029765650986764175,0.2991892598727225,0.008905563088359745
United States,2012,50,29432,0.03625523527962552,0.33014043932301046,0.011969319302974677
United States,2012,51,34332,0.04553200914035323,0.3784387566221995,0.017231076925585898
United States,2012,52,36588,0.06025979501656041,0.3817901783069723,0.023006597884114202
United States,2013,1,34103,0.04963678096676957,0.35534332290466,0.01763809868702268
United States,2013,2,39896,0.04690716740483298,0.3446259931044821,0.016165429150608757
United States,2013,3,39441,0.0470473300362866,0.30871645516954443,0.014524284953994033
United States,2013,4,32426,0.041646010197659934,0.29931734640294066,0.012465373260633378
United States,2013,5,29808,0.03695328771199048,0.2729976343359243,0.010088160126308181
United States,2013,6,24987,0.03236297510899045,0.23071121502375744,0.007466501309178805
United States,2013,7,22321,0.028942117062506725,0.20797000348796651,0.006019092186438659
United States,2013,8,20519,0.02717417215385675,0.19898057318715137,0.005407132351060744
United States,2013,9,19231,0.0252296526806588,0.1869670491630698,0.004717113713111909
United States,2013,10,18829,0.025522680199963132,0.18279808867651962,0.004665497158455312
United States,2013,11,17392,0.024322468495606656,0.1662658880109928,0.0040439968230414364
United States,2013,12,15254,0.021085107588786494,0.1553064084596764,0.0032746523316002974
United States,2013,13,13714,0.019472479539271535,0.1436322532027129,0.002796876111669295
United States,2013,14,12273,0.017485870111885064,0.14149897005228965,0.0024742326112998513
United States,2013,15,10818,0.01497129049534794,0.10918844090673127,0.001634691867548806
United States,2013,16,9188,0.013231281006314669,0.08682348441384585,0.0011487859202269763
United States,2013,17,8589,0.012264743681279451,0.08388667552014166,0.001028848573529197
United States,2013,18,7986,0.011961392829754601,0.0678712068566134,8.118341670414868e-4
United States,2013,19,7704,0.011904872282230772,0.06356905795251468,7.567815160264136e-4
United States,2013,20,7317,0.011742634574090777,0.04884896125772038,5.736155013733282e-4
United States,2013,21,6589,0.011334198005291242,0.046158256880733946,5.231668230653354e-4
United States,2013,22,6190,0.011430618546040093,0.04614904895541004,5.275121748718223e-4
United States,2013,23,5638,0.010088123462312682,0.040732554467950745,4.1091503840806317e-4
United States,2013,24,5539,0.010235836330104336,0.04355340477013481,4.4580552284588537e-4
United States,2013,25,5474,0.010013848160499631,0.033084311632870865,3.313012731862205e-4
United States,2013,26,4915,0.009094980089117851,0.02277113083751447,2.071029815738916e-4
United States,2013,27,4506,0.009500416407510094,0.027925531914893616,2.653041815927021e-4
United States,2013,28,4510,0.008292987001524366,0.03380402225074882,2.803363171247004e-4
United States,2013,29,4186,0.008021093214070829,0.024864376130198915,1.994394786500432e-4
United States,2013,30,4233,0.008063333263487939,0.02878048780487805,2.3206666465648215e-4
United States,2013,31,3886,0.007969369402625421,0.03250222617987533,2.590222468351094e-4
United States,2013,32,4075,0.00779136353641865,0.028701594533029614,2.236245570817198e-4
United States,2013,33,4168,0.007976529711999051,0.029471544715447155,2.3508065208127285e-4
United States,2013,34,4317,0.008254854531373992,0.026063100137174212,2.1514710026900667e-4
United States,2013,35,5053,0.009354687618599778,0.04450261780104712,4.1630808773873354e-4
United States,2013,36,5626,0.01043446005471322,0.04,4.173784021885288e-4
United States,2013,37,6374,0.010910721744072194,0.03824451410658307,4.1727525165417167e-4
United States,2013,38,7110,0.012010764077172961,0.03441176470588235,4.133115873615401e-4
United States,2013,39,7963,0.012617891641102351,0.03521850899742931,4.443833302907512e-4
United States,2013,40,9677,0.011324923609136242,0.04175175856591786,4.728354763061195e-4
United States,2013,41,10420,0.012112082092484232,0.04214340198321892,5.104443444773104e-4
United States,2013,42,10658,0.0125681590913379,0.03289473684210526,4.13426285899273e-4
United States,2013,43,12036,0.013709724267783857,0.03646797482413921,4.99965879443432e-4
United States,2013,44,12502,0.014295564395788857,0.046813599863317956,6.692268314447543e-4
United States,2013,45,13498,0.01535879478178746,0.058240946045824096,8.945107382149682e-4
United States,2013,46,13927,0.01602670695879225,0.07468045382737326,0.0011968817490409262
United States,2013,47,15168,0.017326718535636405,0.09287884793235567,0.001609285656038102
United States,2013,48,13975,0.020985815240732453,0.12124192188817083,0.002544360572176469
United States,2013,49,18920,0.022137354562728744,0.17885334441213127,0.0039593398999811895
United States,2013,50,19398,0.024167415227788914,0.1979480989740495,0.004783893901457311
United States,2013,51,24697,0.03030712082965697,0.27990884922142045,0.008483231314643824
United States,2013,52,26988,0.04387236892585199,0.3060624700977377,0.01342768560248549
United States,2014,1,28654,0.042111977237722364,0.29383662636390445,0.012374041321045876
United States,2014,2,28147,0.03464915682168739,0.27547685542813,0.009545040764474582
United States,2014,3,28370,0.033169764421013985,0.26434490062924426,0.008768258079768384
United States,2014,4,25502,0.03240703088465527,0.23879709187045606,0.007738704731411731
United States,2014,5,23484,0.028859837340824798,0.2011887072808321,0.005806273366935628
United States,2014,6,21085,0.02621716792416232,0.18961232604373757,0.004971098192379684
United States,2014,7,18195,0.023406746082795173,0.1648621599490492,0.0038588867165885586
United States,2014,8,17234,0.02120585701981051,0.13137498803942207,0.0027859192123433
United States,2014,9,15914,0.019109351021751087,0.10974435768531393,0.0020971434536652704
United States,2014,10,15044,0.019023027675950994,0.10828237909949973,0.002059858694427601
United States,2014,11,14024,0.017661934651849315,0.11229171697657571,0.0019832889671842387
United States,2014,12,14926,0.018579142466646915,0.12065117500328214,0.002241595369154328
United States,2014,13,14661,0.018209413848395233,0.12733724580319367,0.0023187366071451827
United States,2014,14,14637,0.01834525476178241,0.1336845102505695,0.0024524763982508094
United States,2014,15,14206,0.017544617991446288,0.14322173847770606,0.002512770689662177
United States,2014,16,11723,0.015163607342378291,0.12907410410248094,0.00195722903267928
United States,2014,17,10814,0.014033366554545077,0.12986777757652598,0.0018224821263555188
United States,2014,18,9648,0.012593015105613994,0.12511218811703465,0.0015755396748542369
United States,2014,19,9775,0.01324823740841436,0.10745067994637043,0.0014235321176250635
United States,2014,20,9033,0.01275759163560714,0.09833465503568596,0.0012545133725735808
United States,2014,21,8797,0.01294828487109855,0.08472711267605634,0.0010970707912352426
United States,2014,22,7658,0.012261000156904938,0.08768821966341896,0.0010751452750518945
United States,2014,23,7229,0.01145382266776309,0.06645335958651243,7.611449963810077e-4
United States,2014,24,6783,0.010677971704870497,0.07317688619732526,7.813807202655676e-4
United States,2014,25,6369,0.010726917505979048,0.059826746074715755,6.417565697946317e-4
United States,2014,26,6038,0.010129801715590466,0.05062537224538416,5.128249826236984e-4
United States,2014,27,5352,0.009947049432300776,0.05066225165562914,5.039399215702049e-4
United States,2014,28,5295,0.008808615974287825,0.049365786767226603,4.348442579010788e-4
United States,2014,29,5083,0.008581727319539764,0.034045635639261135,2.921703614765439e-4
United States,2014,30,4765,0.008051516185828656,0.03780407626561473,3.0438013194289794e-4
United States,2014,31,4942,0.008187812717452534,0.033250795896710296,2.722512895085031e-4
United States,2014,32,4744,0.0078373453470718165,0.027659574468085105,2.167776372594332e-4
United States,2014,33,4980,0.008487025757611908,0.03455723542116631,2.9328814713129706e-4
United States,2014,34,5305,0.008341457278530771,0.03177966101694915,2.650886846990711e-4
United States,2014,35,5799,0.009059805024371953,0.03397190293742018,3.0777881691991565e-4
United States,2014,36,6050,0.010450620386828417,0.026766337111164697,2.797248282946598e-4
United States,2014,37,8130,0.011681605135883075,0.024660676734849934,2.8807628800017526e-4
United States,2014,38,8888,0.012764942939785891,0.0305793991416309,3.903442851758561e-4
United States,2014,39,8874,0.012975827877997389,0.03442933379239112,4.467491092441862e-4
United States,2014,40,10150,0.012061221094659791,0.032298526183756664,3.895596653339475e-4
United States,2014,41,10977,0.013248542020701375,0.03977890540050743,5.270124997361276e-4
United States,2014,42,11941,0.014119213410474065,0.04970585727683519,7.018076066422014e-4
United States,2014,43,12292,0.01425466825309574,0.047782169521299954,6.811189749393134e-4
United States,2014,44,12313,0.014390936036128694,0.0629934924078091,9.065353199331393e-4
United States,2014,45,13853,0.016153199448228257,0.08948753677039789,0.001445510029582897
United States,2014,46,14062,0.01664733041316444,0.10278745644599303,0.001711136749785195
United States,2014,47,16674,0.020058006301057755,0.14858344674007176,0.0029802877109452387
United States,2014,48,17602,0.026222679742748986,0.19584954604409857,0.005135699923677168
United States,2014,49,22905,0.026074929134933915,0.22526296616729657,0.0058737158795372744
United States,2014,50,29172,0.03417798043892906,0.28007119874033,0.009572267952054412
United States,2014,51,37382,0.04465553881825642,0.308927753375192,0.013795335282882633
United States,2014,52,40533,0.06114967360590421,0.3237177977676259,0.01979523767391243
United States,2014,53,36891,0.05309791831288781,NA,NA
United States,2015,1,31483,0.040789806111409824,0.2743211717453522,0.01118950740774767
United States,2015,2,31204,0.039376169618869875,0.23999168680019745,0.009449953366563268
United States,2015,3,33221,0.04150762345397503,0.24288483690613322,0.010081572352979915
United States,2015,4,30621,0.03878987645156427,0.23345324793074201,0.009055622644449885
United States,2015,5,28151,0.03457941744042786,0.2149932814599544,0.007434342426491163
United States,2015,6,25218,0.03063585991911589,0.1900737034282237,0.005823071352534639
United States,2015,7,21109,0.028264572141675014,0.15545097457941154,0.004393755285493466
United States,2015,8,19178,0.02359904511111658,0.1386876337889017,0.003272895726138307
United States,2015,9,18441,0.023347234566213168,0.12734939218588795,0.0029732561312286
United States,2015,10,17833,0.022128577296151666,0.1316420980459376,0.0029130523420371063
United States,2015,11,16695,0.02076190405127612,0.12719850829007712,0.002640883224584031
United States,2015,12,16122,0.020126662397147662,0.11988272342273862,0.0024128391015800867
United States,2015,13,14975,0.01941922574671624,0.11248527679623085,0.002184376983287869
United States,2015,14,13733,0.017480861810433273,0.11016332738213318,0.0019257499025445899
United States,2015,15,12044,0.015036692826483756,0.09985754019401669,0.001501527158305684
United States,2015,16,10860,0.014349382355544926,0.08417357532302637,0.0012078388165433665
United States,2015,17,11095,0.014567287871666067,0.06502695417789757,9.472663609270724e-4
United States,2015,18,10694,0.014283615381533077,0.05655121181168168,8.077557588776715e-4
United States,2015,19,9671,0.013529677573695543,0.053863450531479964,7.287551186976238e-4
United States,2015,20,9024,0.013309283018422678,0.04179364388332608,5.562434348143566e-4
United States,2015,21,7913,0.012842214255458307,0.03649548264384213,4.686828074685806e-4
United States,2015,22,6946,0.01138892031526945,0.029172582935329806,3.322442224410605e-4
United States,2015,23,6744,0.01103432027016414,0.027606923186954655,3.0462363211867816e-4
United States,2015,24,5850,0.009707481232202952,0.02647233789411065,2.5697972327961416e-4
United States,2015,25,5913,0.009986809237249632,0.024787997390737115,2.4755300131473323e-4
United States,2015,26,5232,0.009780572701883209,0.021774338671945295,2.1296550241638805e-4
United States,2015,27,5116,0.008664313730803362,0.024665391969407265,2.1370869431618236e-4
United States,2015,28,4870,0.008277568808353036,0.01865600609175709,1.5442637411357274e-4
United States,2015,29,4626,0.007975724556473164,0.01708382995629718,1.3625592210105128e-4
United States,2015,30,4605,0.00811220741883829,0.01665972511453561,1.3514714566994238e-4
United States,2015,31,4753,0.0082116473051699,0.016091954022988506,1.321414508877915e-4
United States,2015,32,4750,0.008194345728934493,0.01903367496339678,1.559685131422378e-4
United States,2015,33,5173,0.008480411282733928,0.01626518427012559,1.3793545220011947e-4
United States,2015,34,5648,0.00888523914476427,0.018757327080890972,1.6666333683027938e-4
United States,2015,35,5963,0.009628255369169237,0.0184141300263059,1.7729594629436026e-4
United States,2015,36,5970,0.010225176542725652,0.022411774544238167,2.291643513506e-4
United States,2015,37,7062,0.010839201625726758,0.020175573694748192,2.186871111920846e-4
United States,2015,38,7704,0.0117723642831602,0.024365334111467758,2.868375890411079e-4
United States,2015,39,7626,0.011716013421334022,0.015855508065628018,1.857633452989677e-4
United States,2015,40,10205,0.012529112845502104,0.016525023607176583,2.0704388554890164e-4
United States,2015,41,10697,0.01322195757157001,0.01637150728059819,2.1646337464671878e-4
United States,2015,42,11582,0.014000807506424994,0.016235413495687467,2.2730889914033476e-4
United States,2015,43,11159,0.013582101178681492,0.015470164682398231,2.101173419671978e-4
United States,2015,44,12479,0.014710476278045566,0.014099627827082737,2.0741224067957176e-4
United States,2015,45,12680,0.01534884115038838,0.012456128277475742,1.91187134279836e-4
United States,2015,46,13492,0.016098836258893915,0.01745437156292341,2.8099506979339825e-4
United States,2015,47,12149,0.019017906480552394,0.014996101013736428,2.8519444665215635e-4
United States,2015,48,14613,0.01738097192139847,0.016406489133761862,2.85160726962644e-4
United States,2015,49,14992,0.018213338549177352,0.017846049584909922,3.2503614285537034e-4
United States,2015,50,15400,0.019705719393115027,0.019075973095159335,3.759057729638218e-4
United States,2015,51,14805,0.024207908407281504,0.030514431781872405,7.386905696758069e-4
United States,2015,52,15666,0.02413618316753124,0.03037008353155944,7.330178989309427e-4
United States,2016,1,15649,0.01993602229919703,0.044443414588933174,8.860249042974304e-4
United States,2016,2,15513,0.01991874825054506,0.062356110702914525,0.0012420556709744728
United States,2016,3,15582,0.02107338764646694,0.08004444229747355,0.001686807561479915
United States,2016,4,18142,0.02184601342165503,0.10188403931161753,0.0022257600902540254
United States,2016,5,18942,0.023044132031124542,0.13307923771313943,0.0030666955244629934
United States,2016,6,21753,0.02679683409811832,0.16767064694350384,0.004493042509269242
United States,2016,7,24657,0.029787295731055402,0.20717876014950382,0.006171294997766666
United States,2016,8,26439,0.03120478145204503,0.2357950539999436,0.007357933127541396
United States,2016,9,28304,0.03326243051719883,0.26187383080440657,0.008710560101404256
United States,2016,10,30420,0.03593531643042523,0.28629514470222434,0.010288106617368812
United States,2016,11,24864,0.0309646180918353,0.24037732890851604,0.00744319218758768
United States,2016,12,21908,0.027904761055612095,0.21971553218191597,0.006131109425743015
United States,2016,13,19554,0.025261901347585623,0.19727646789889622,0.004983578670262058
United States,2016,14,16734,0.021205765879930304,0.17088823909163406,0.0036238159898107454
United States,2016,15,16265,0.02052264935858046,0.15942823410355877,0.003271889746365016
United States,2016,16,15459,0.019973874652598773,0.1513708446992464,0.0030234622780807427
United States,2016,17,13838,0.017827925348944472,0.12383454386236027,0.002207713003598749
United States,2016,18,11860,0.016042484177322205,0.09704846350054658,0.00155689844014095
United States,2016,19,10693,0.01466427679045293,0.080453671154739,0.0011797949026211715
United States,2016,20,9780,0.014249414287878964,0.07106941838649156,0.0010126975857877208
United States,2016,21,8773,0.013854409470206623,0.05643044619422572,7.818105081612662e-4
United States,2016,22,7992,0.013414865456889302,0.03762112863385902,5.046823789595444e-4
United States,2016,23,7201,0.011440436964002581,0.0347265543772094,3.9728695632947205e-4
United States,2016,24,6764,0.011004368233102585,0.022675478577939837,2.4952931613347933e-4
United States,2016,25,6023,0.010032247103423923,0.023680124223602484,2.375648576509547e-4
United States,2016,26,5684,0.009958442250145418,0.018146075911084227,1.8070664902728717e-4
United States,2016,27,5128,0.00931036486172438,0.014694009365412562,1.3680658847358605e-4
United States,2016,28,5077,0.008465800799390369,0.014346764346764346,1.2145684907550284e-4
United States,2016,29,5037,0.008448748119285521,0.013895700506784372,1.1740127352284933e-4
United States,2016,30,4923,0.008336734296440928,0.016546882834698313,1.379469656272191e-4
United States,2016,31,4590,0.007946634626205196,0.01825068870523416,1.4503155481710586e-4
United States,2016,32,4864,0.008352451471982197,0.0166270783847981,1.3887686532987025e-4
United States,2016,33,5295,0.008593045070075106,0.014585079631181894,1.2533024662138043e-4
United States,2016,34,6250,0.01009438655201597,0.020333598093725178,2.05255199151397e-4
United States,2016,35,6483,0.010631267372356737,0.02352112676056338,2.500593874906444e-4
United States,2016,36,6603,0.011045592552630918,0.021827000808407437,2.4109215757561422e-4
United States,2016,37,7613,0.011491199338271143,0.023783783783783784,2.7330420047780014e-4
United States,2016,38,8230,0.012217806525169721,0.024335762990830002,2.973296438643466e-4
United States,2016,39,8524,0.013084275690784979,0.024743427527063124,3.2374982729905193e-4
United States,2016,40,10957,0.01268221203149198,0.02264073973347838,2.87134661849798e-4
United States,2016,41,11057,0.013082869215087008,0.01995155532891382,2.6102358900575176e-4
United States,2016,42,11992,0.01344907251643003,0.023805197165182628,3.201578229424557e-4
United States,2016,43,12703,0.01439986578413691,0.024091368746653977,3.469124765079679e-4
United States,2016,44,13831,0.015751860646542642,0.026679787873817723,4.20256300667695e-4
United States,2016,45,14373,0.01671152761709871,0.029836233367451382,4.986090379103658e-4
United States,2016,46,15346,0.017606922528852476,0.035082604470359574,6.176966990199946e-4
United States,2016,47,14490,0.02076407199358019,0.04290230317627578,8.908265118425943e-4
United States,2016,48,17301,0.01956062368778979,0.04679457182966776,9.1533101019138e-4
United States,2016,49,17659,0.020814449770804135,0.06268801981950098,0.0013048166397641773
United States,2016,50,19139,0.02370234051169513,0.09333790685265646,0.0022123268508705456
United States,2016,51,22078,0.030099933196089928,0.13486341017568804,0.004059379636885085
United States,2016,52,25030,0.03601697963882294,0.17237520810021562,0.006208434360383332
United States,2017,1,24430,0.031543867668116676,0.173730645038265,0.005480136476983582
United States,2017,2,25299,0.03114068019842198,0.1921798482657126,0.005984611195423818
United States,2017,3,29007,0.03497714373222173,0.21915564269936214,0.0076654384144230195
United States,2017,4,31006,0.03606825119118523,0.22219657448871244,0.00801424186247978
United States,2017,5,36546,0.04167374608731349,0.25033736746278246,0.010432495887810488
United States,2017,6,42483,0.049362676179078115,0.2763903384523632,0.013643366776049808
United States,2017,7,39791,0.048749859107994335,0.27681119898191076,0.013494506949883134
United States,2017,8,36138,0.04866952720338093,0.2759710335747202,0.013431379725909996
United States,1997,1,NA,NA,0.30284256559766765,NA
United States,1997,2,NA,NA,0.23789692868297763,NA
United States,1997,3,NA,NA,0.21593153390388414,NA
United States,1997,4,NA,NA,0.17289719626168223,NA
United States,1997,5,NA,NA,0.16184112843355605,NA
United States,1997,6,NA,NA,0.12357954545454546,NA
United States,1997,7,NA,NA,0.12539851222104145,NA
United States,1997,8,NA,NA,0.12297297297297298,NA
United States,1997,9,NA,NA,0.12414266117969822,NA
United States,1997,10,NA,NA,0.10706319702602231,NA
United States,1997,11,NA,NA,0.13624220837043632,NA
United States,1997,12,NA,NA,0.13340807174887892,NA
United States,1997,13,NA,NA,0.07863501483679525,NA
United States,1997,36,NA,NA,NA,NA
United States,1997,38,NA,NA,NA,NA
United States,1998,53,NA,NA,0.09544405997693195,NA
United States,2004,53,NA,NA,0.16602653631284917,NA
United States,2009,53,NA,NA,0.04527184260630421,NA
United States,2015,53,NA,NA,0.03563507319237025,NA
United States,2017,9,NA,NA,0.22276360696964254,NA
United States,2017,10,NA,NA,0.2185518289007306,NA
United States,2017,11,NA,NA,0.21103233703968172,NA
United States,2017,12,NA,NA,0.2263163349917081,NA
United States,2017,13,NA,NA,0.21291532842566013,NA
United States,2017,14,NA,NA,0.174885414296395,NA
United States,2017,15,NA,NA,0.145766907986046,NA
United States,2017,16,NA,NA,0.11366549514161671,NA
United States,2017,17,NA,NA,0.08530476615582999,NA
United States,2017,18,NA,NA,0.07290062773895535,NA
United States,2017,19,NA,NA,0.07160447054366358,NA
United States,2017,20,NA,NA,0.06607130398381357,NA
United States,2017,21,NA,NA,0.05707139608913142,NA
United States,2017,22,NA,NA,0.05637150861703031,NA
United States,2017,23,NA,NA,0.04710043749418226,NA
United States,2017,24,NA,NA,0.042837450959601314,NA
United States,2017,25,NA,NA,0.036706689536878216,NA
United States,2017,26,NA,NA,0.03430114787305875,NA
United States,2017,27,NA,NA,0.027251980131561285,NA
United States,2017,28,NA,NA,0.026941563369592716,NA
United States,2017,29,NA,NA,0.022513574361011788,NA
United States,2017,30,NA,NA,0.0255165719040355,NA
United States,2017,31,NA,NA,0.026995132025372473,NA
United States,2017,32,NA,NA,0.027963272120200333,NA
United States,2017,33,NA,NA,0.018058401639344263,NA
United States,2017,34,NA,NA,0.02156791469768569,NA
United States,2017,35,NA,NA,0.02729133500113714,NA
United States,2017,36,NA,NA,0.029350104821802937,NA
United States,2017,37,NA,NA,0.026925430544628027,NA
United States,2017,38,NA,NA,0.022617942442400202,NA
United States,2017,39,NA,NA,0.025005209418628882,NA
United States,2017,40,NA,NA,0.030421027013871987,NA
United States,2017,41,NA,NA,0.029777956279763613,NA
United States,2017,42,NA,NA,0.03129981932192582,NA
United States,2017,43,NA,NA,0.03632188706815573,NA
United States,2017,44,NA,NA,0.04891684136967156,NA
United States,2017,45,NA,NA,0.05791097399735566,NA
United States,2017,46,NA,NA,0.07103480863128052,NA
United States,2017,47,NA,NA,0.09088340933855281,NA
United States,2017,48,NA,NA,0.09984025559105432,NA
United States,2017,49,NA,NA,0.1282405579681537,NA
United States,2017,50,NA,NA,0.1843594535547893,NA
United States,2017,51,NA,NA,0.26321509732239895,NA
United States,2017,52,NA,NA,0.2914925450136718,NA
United States,2018,1,NA,NA,0.2887317545878505,NA
